{
"meta":{"test_sets":[],"test_metrics":[],"learn_metrics":[{"best_value":"Min","name":"MultiClass"}],"launch_mode":"Train","parameters":"","iteration_count":1000,"learn_sets":["learn"],"name":"experiment"},
"iterations":[
{"learn":[1.029954306],"iteration":0,"passed_time":0.3249994003,"remaining_time":324.6744008},
{"learn":[0.9753296053],"iteration":1,"passed_time":0.4812011588,"remaining_time":240.1193782},
{"learn":[0.9332918284],"iteration":2,"passed_time":0.6659142596,"remaining_time":221.3055056},
{"learn":[0.8980979899],"iteration":3,"passed_time":0.8496246,"remaining_time":211.5565254},
{"learn":[0.8681947264],"iteration":4,"passed_time":1.02040144,"remaining_time":203.0598866},
{"learn":[0.8448640564],"iteration":5,"passed_time":1.158995041,"remaining_time":192.0068452},
{"learn":[0.8229091381],"iteration":6,"passed_time":1.365200573,"remaining_time":193.6634527},
{"learn":[0.8056397378],"iteration":7,"passed_time":1.523177593,"remaining_time":188.8740216},
{"learn":[0.7910360485],"iteration":8,"passed_time":1.698910709,"remaining_time":187.0689458},
{"learn":[0.7777673165],"iteration":9,"passed_time":1.832367676,"remaining_time":181.4043999},
{"learn":[0.7656539726],"iteration":10,"passed_time":1.992653281,"remaining_time":179.157645},
{"learn":[0.7555849163],"iteration":11,"passed_time":2.340467563,"remaining_time":192.698496},
{"learn":[0.7471787957],"iteration":12,"passed_time":2.594706785,"remaining_time":196.9981229},
{"learn":[0.7395445377],"iteration":13,"passed_time":2.765905678,"remaining_time":194.7987856},
{"learn":[0.7343296385],"iteration":14,"passed_time":2.91023321,"remaining_time":191.1053141},
{"learn":[0.7285437925],"iteration":15,"passed_time":3.231952632,"remaining_time":198.7650869},
{"learn":[0.7233678361],"iteration":16,"passed_time":3.33424437,"remaining_time":192.7977774},
{"learn":[0.7191128049],"iteration":17,"passed_time":3.447007284,"remaining_time":188.0533974},
{"learn":[0.7151988669],"iteration":18,"passed_time":3.569745957,"remaining_time":184.3116202},
{"learn":[0.711294886],"iteration":19,"passed_time":3.672502479,"remaining_time":179.9526215},
{"learn":[0.708201295],"iteration":20,"passed_time":3.778790117,"remaining_time":176.1635964},
{"learn":[0.70533439],"iteration":21,"passed_time":4.021742648,"remaining_time":178.7847413},
{"learn":[0.7030701198],"iteration":22,"passed_time":4.124116304,"remaining_time":175.1852882},
{"learn":[0.7000743296],"iteration":23,"passed_time":4.237358233,"remaining_time":172.3192348},
{"learn":[0.6981103292],"iteration":24,"passed_time":4.337413895,"remaining_time":169.1591419},
{"learn":[0.6963672157],"iteration":25,"passed_time":4.421554906,"remaining_time":165.6382492},
{"learn":[0.6941427543],"iteration":26,"passed_time":4.554556794,"remaining_time":164.1327319},
{"learn":[0.693032627],"iteration":27,"passed_time":4.63920764,"remaining_time":161.0467795},
{"learn":[0.6915981718],"iteration":28,"passed_time":4.733249834,"remaining_time":158.4822617},
{"learn":[0.6898031517],"iteration":29,"passed_time":4.857246629,"remaining_time":157.0509743},
{"learn":[0.6884728628],"iteration":30,"passed_time":4.937839028,"remaining_time":154.3472909},
{"learn":[0.6869943141],"iteration":31,"passed_time":5.028297741,"remaining_time":152.1060067},
{"learn":[0.6856137308],"iteration":32,"passed_time":5.145515815,"remaining_time":150.7792059},
{"learn":[0.6847005235],"iteration":33,"passed_time":5.243056846,"remaining_time":148.9644974},
{"learn":[0.6837250014],"iteration":34,"passed_time":5.33541807,"remaining_time":147.1050982},
{"learn":[0.6819862435],"iteration":35,"passed_time":5.457394324,"remaining_time":146.1368925},
{"learn":[0.6810173948],"iteration":36,"passed_time":5.557222529,"remaining_time":144.637981},
{"learn":[0.6805831765],"iteration":37,"passed_time":5.647210961,"remaining_time":142.9636038},
{"learn":[0.6797126899],"iteration":38,"passed_time":5.766285475,"remaining_time":142.0871882},
{"learn":[0.6782580425],"iteration":39,"passed_time":5.876703588,"remaining_time":141.0408861},
{"learn":[0.6777006872],"iteration":40,"passed_time":5.94768424,"remaining_time":139.117785},
{"learn":[0.6768848413],"iteration":41,"passed_time":6.04321732,"remaining_time":137.8429093},
{"learn":[0.6759928029],"iteration":42,"passed_time":6.148513934,"remaining_time":136.8401822},
{"learn":[0.6754082202],"iteration":43,"passed_time":6.228966704,"remaining_time":135.3384584},
{"learn":[0.6747185072],"iteration":44,"passed_time":6.339036264,"remaining_time":134.5284363},
{"learn":[0.674376286],"iteration":45,"passed_time":6.419197133,"remaining_time":133.1285666},
{"learn":[0.6740590287],"iteration":46,"passed_time":6.502772856,"remaining_time":131.8540964},
{"learn":[0.6737001476],"iteration":47,"passed_time":6.615945138,"remaining_time":131.2162452},
{"learn":[0.6730680435],"iteration":48,"passed_time":6.725489952,"remaining_time":130.529407},
{"learn":[0.6726673457],"iteration":49,"passed_time":6.913988931,"remaining_time":131.3657897},
{"learn":[0.6720872771],"iteration":50,"passed_time":7.057128106,"remaining_time":131.3179328},
{"learn":[0.6717715973],"iteration":51,"passed_time":7.189076889,"remaining_time":131.0624017},
{"learn":[0.6711883422],"iteration":52,"passed_time":7.294236928,"remaining_time":130.3328749},
{"learn":[0.6709999476],"iteration":53,"passed_time":7.375626187,"remaining_time":129.2100439},
{"learn":[0.6705577181],"iteration":54,"passed_time":7.526596683,"remaining_time":129.3206157},
{"learn":[0.670194417],"iteration":55,"passed_time":7.691143138,"remaining_time":129.6506986},
{"learn":[0.6698058215],"iteration":56,"passed_time":7.818154863,"remaining_time":129.3424568},
{"learn":[0.669485944],"iteration":57,"passed_time":7.920519782,"remaining_time":128.6401661},
{"learn":[0.6691442169],"iteration":58,"passed_time":8.030046513,"remaining_time":128.0724368},
{"learn":[0.6690013938],"iteration":59,"passed_time":8.180222934,"remaining_time":128.156826},
{"learn":[0.6681410336],"iteration":60,"passed_time":8.345410005,"remaining_time":128.4645901},
{"learn":[0.6677439572],"iteration":61,"passed_time":8.435124158,"remaining_time":127.6152655},
{"learn":[0.6674629834],"iteration":62,"passed_time":8.512015437,"remaining_time":126.5993407},
{"learn":[0.6667754819],"iteration":63,"passed_time":8.621753731,"remaining_time":126.0931483},
{"learn":[0.6662015399],"iteration":64,"passed_time":8.717648869,"remaining_time":125.400026},
{"learn":[0.6656426243],"iteration":65,"passed_time":8.800899809,"remaining_time":124.546067},
{"learn":[0.6654899224],"iteration":66,"passed_time":8.90108813,"remaining_time":123.9509735},
{"learn":[0.6651831763],"iteration":67,"passed_time":9.00966459,"remaining_time":123.4854029},
{"learn":[0.6649542427],"iteration":68,"passed_time":9.172050993,"remaining_time":123.7562243},
{"learn":[0.6642977528],"iteration":69,"passed_time":9.33448163,"remaining_time":124.0152559},
{"learn":[0.6639942798],"iteration":70,"passed_time":9.453668489,"remaining_time":123.6965919},
{"learn":[0.6634806024],"iteration":71,"passed_time":9.565151704,"remaining_time":123.2841775},
{"learn":[0.6632823838],"iteration":72,"passed_time":9.65770761,"remaining_time":122.6396569},
{"learn":[0.6630277765],"iteration":73,"passed_time":9.79158747,"remaining_time":122.5271621},
{"learn":[0.6624665858],"iteration":74,"passed_time":9.958571945,"remaining_time":122.8223873},
{"learn":[0.6622689325],"iteration":75,"passed_time":10.14030245,"remaining_time":123.2847298},
{"learn":[0.6621063851],"iteration":76,"passed_time":10.25968304,"remaining_time":122.9829539},
{"learn":[0.6617137016],"iteration":77,"passed_time":10.38503564,"remaining_time":122.7564469},
{"learn":[0.6613363811],"iteration":78,"passed_time":10.48855519,"remaining_time":122.2779662},
{"learn":[0.6611713346],"iteration":79,"passed_time":10.56627524,"remaining_time":121.5121652},
{"learn":[0.6609535072],"iteration":80,"passed_time":10.75333248,"remaining_time":122.0038587},
{"learn":[0.6606848634],"iteration":81,"passed_time":10.86697606,"remaining_time":121.6571222},
{"learn":[0.6603891562],"iteration":82,"passed_time":10.95316873,"remaining_time":121.0127196},
{"learn":[0.6601525039],"iteration":83,"passed_time":11.07975598,"remaining_time":120.8221009},
{"learn":[0.6599290441],"iteration":84,"passed_time":11.177917,"remaining_time":120.3269889},
{"learn":[0.6595085363],"iteration":85,"passed_time":11.27839003,"remaining_time":119.8656801},
{"learn":[0.6591292107],"iteration":86,"passed_time":11.40295813,"remaining_time":119.6655261},
{"learn":[0.6585590825],"iteration":87,"passed_time":11.5115381,"remaining_time":119.3013949},
{"learn":[0.6581788644],"iteration":88,"passed_time":11.62825969,"remaining_time":119.0263436},
{"learn":[0.657967512],"iteration":89,"passed_time":11.78352401,"remaining_time":119.1445206},
{"learn":[0.6576658538],"iteration":90,"passed_time":11.95933628,"remaining_time":119.4619415},
{"learn":[0.6574531028],"iteration":91,"passed_time":12.12168738,"remaining_time":119.6357842},
{"learn":[0.6572388822],"iteration":92,"passed_time":12.27200951,"remaining_time":119.685082},
{"learn":[0.6569430069],"iteration":93,"passed_time":12.3833787,"remaining_time":119.3546925},
{"learn":[0.6567714193],"iteration":94,"passed_time":12.60614484,"remaining_time":120.0901166},
{"learn":[0.6566501171],"iteration":95,"passed_time":12.75167154,"remaining_time":120.0782403},
{"learn":[0.6562787014],"iteration":96,"passed_time":12.9361945,"remaining_time":120.4266354},
{"learn":[0.6561890674],"iteration":97,"passed_time":13.03328085,"remaining_time":119.9593809},
{"learn":[0.6559725474],"iteration":98,"passed_time":13.13442403,"remaining_time":119.5365257},
{"learn":[0.6558490086],"iteration":99,"passed_time":13.2561455,"remaining_time":119.3053095},
{"learn":[0.6556574205],"iteration":100,"passed_time":13.37175253,"remaining_time":119.0218369},
{"learn":[0.6555322918],"iteration":101,"passed_time":13.45666275,"remaining_time":118.4714034},
{"learn":[0.6554234503],"iteration":102,"passed_time":13.56830912,"remaining_time":118.1628474},
{"learn":[0.6552731227],"iteration":103,"passed_time":13.63781755,"remaining_time":117.4950435},
{"learn":[0.65513717],"iteration":104,"passed_time":13.7295291,"remaining_time":117.0278909},
{"learn":[0.6550258277],"iteration":105,"passed_time":13.8327552,"remaining_time":116.6649354},
{"learn":[0.6543045593],"iteration":106,"passed_time":13.96691861,"remaining_time":116.5650311},
{"learn":[0.6538800083],"iteration":107,"passed_time":14.05279989,"remaining_time":116.0657176},
{"learn":[0.6536160494],"iteration":108,"passed_time":14.15942723,"remaining_time":115.7435749},
{"learn":[0.6533418299],"iteration":109,"passed_time":14.28766298,"remaining_time":115.6001823},
{"learn":[0.6532164733],"iteration":110,"passed_time":14.42291516,"remaining_time":115.5132574},
{"learn":[0.652992118],"iteration":111,"passed_time":14.52686587,"remaining_time":115.1772937},
{"learn":[0.6528782556],"iteration":112,"passed_time":14.69465887,"remaining_time":115.3465701},
{"learn":[0.6525769287],"iteration":113,"passed_time":14.86180305,"remaining_time":115.5048904},
{"learn":[0.6524201593],"iteration":114,"passed_time":14.98924586,"remaining_time":115.3520225},
{"learn":[0.6522341698],"iteration":115,"passed_time":15.12237821,"remaining_time":115.2429512},
{"learn":[0.6520691944],"iteration":116,"passed_time":15.29075155,"remaining_time":115.3994326},
{"learn":[0.6516198906],"iteration":117,"passed_time":15.46228237,"remaining_time":115.5740089},
{"learn":[0.6513042468],"iteration":118,"passed_time":15.59568027,"remaining_time":115.4604564},
{"learn":[0.651056213],"iteration":119,"passed_time":15.72944898,"remaining_time":115.3492925},
{"learn":[0.6508121899],"iteration":120,"passed_time":15.91286971,"remaining_time":115.5984502},
{"learn":[0.650642251],"iteration":121,"passed_time":16.04601158,"remaining_time":115.4786735},
{"learn":[0.6503956255],"iteration":122,"passed_time":16.1424592,"remaining_time":115.0970465},
{"learn":[0.6500368709],"iteration":123,"passed_time":16.24240509,"remaining_time":114.7447327},
{"learn":[0.6495588374],"iteration":124,"passed_time":16.40919857,"remaining_time":114.86439},
{"learn":[0.649392513],"iteration":125,"passed_time":16.51718699,"remaining_time":114.5715986},
{"learn":[0.6492105832],"iteration":126,"passed_time":16.64116404,"remaining_time":114.3916236},
{"learn":[0.6489710662],"iteration":127,"passed_time":16.79410705,"remaining_time":114.4098543},
{"learn":[0.6484847391],"iteration":128,"passed_time":16.98153615,"remaining_time":114.6582789},
{"learn":[0.648128015],"iteration":129,"passed_time":17.14412351,"remaining_time":114.7337496},
{"learn":[0.6479006806],"iteration":130,"passed_time":17.30228625,"remaining_time":114.7762348},
{"learn":[0.6477515511],"iteration":131,"passed_time":17.40881441,"remaining_time":114.4761433},
{"learn":[0.6475282643],"iteration":132,"passed_time":17.55462469,"remaining_time":114.4350346},
{"learn":[0.6470914916],"iteration":133,"passed_time":17.75260903,"remaining_time":114.7295479},
{"learn":[0.6470273591],"iteration":134,"passed_time":17.90064681,"remaining_time":114.696737},
{"learn":[0.646851116],"iteration":135,"passed_time":18.01436943,"remaining_time":114.4442293},
{"learn":[0.6465927108],"iteration":136,"passed_time":18.11942719,"remaining_time":114.1391654},
{"learn":[0.6462872546],"iteration":137,"passed_time":18.24246956,"remaining_time":113.9493388},
{"learn":[0.6461315855],"iteration":138,"passed_time":18.35819159,"remaining_time":113.7151292},
{"learn":[0.6460429162],"iteration":139,"passed_time":18.51078947,"remaining_time":113.7091353},
{"learn":[0.6457273512],"iteration":140,"passed_time":18.64972576,"remaining_time":113.6178328},
{"learn":[0.6456036111],"iteration":141,"passed_time":18.76104725,"remaining_time":113.3590038},
{"learn":[0.6454388699],"iteration":142,"passed_time":18.89278867,"remaining_time":113.2246146},
{"learn":[0.6452456559],"iteration":143,"passed_time":19.04926011,"remaining_time":113.2372685},
{"learn":[0.6450892234],"iteration":144,"passed_time":19.15922895,"remaining_time":112.9733845},
{"learn":[0.644942357],"iteration":145,"passed_time":19.28477981,"remaining_time":112.8027531},
{"learn":[0.6446788233],"iteration":146,"passed_time":19.44521835,"remaining_time":112.8351786},
{"learn":[0.6444415062],"iteration":147,"passed_time":19.57582828,"remaining_time":112.6932817},
{"learn":[0.6442654739],"iteration":148,"passed_time":19.69892535,"remaining_time":112.5086273},
{"learn":[0.6441453111],"iteration":149,"passed_time":19.82553603,"remaining_time":112.3447042},
{"learn":[0.6438720635],"iteration":150,"passed_time":19.95257586,"remaining_time":112.1836881},
{"learn":[0.6438090399],"iteration":151,"passed_time":20.07600999,"remaining_time":112.0030031},
{"learn":[0.6433877965],"iteration":152,"passed_time":20.21794624,"remaining_time":111.9254932},
{"learn":[0.6431179136],"iteration":153,"passed_time":20.35176288,"remaining_time":111.8025416},
{"learn":[0.6427501296],"iteration":154,"passed_time":20.51455224,"remaining_time":111.8373977},
{"learn":[0.642594893],"iteration":155,"passed_time":20.60422036,"remaining_time":111.4741153},
{"learn":[0.6424558735],"iteration":156,"passed_time":20.68630335,"remaining_time":111.0735906},
{"learn":[0.6421967651],"iteration":157,"passed_time":20.78802363,"remaining_time":110.7817462},
{"learn":[0.641944736],"iteration":158,"passed_time":20.90397325,"remaining_time":110.5675566},
{"learn":[0.6417413111],"iteration":159,"passed_time":20.99785724,"remaining_time":110.2387505},
{"learn":[0.6416305671],"iteration":160,"passed_time":21.09897298,"remaining_time":109.9505486},
{"learn":[0.6414929336],"iteration":161,"passed_time":21.19011816,"remaining_time":109.6130804},
{"learn":[0.6413342527],"iteration":162,"passed_time":21.30507814,"remaining_time":109.4009227},
{"learn":[0.6410903778],"iteration":163,"passed_time":21.40235698,"remaining_time":109.0998197},
{"learn":[0.6407829069],"iteration":164,"passed_time":21.50678356,"remaining_time":108.8373592},
{"learn":[0.6406424517],"iteration":165,"passed_time":21.61555308,"remaining_time":108.5986221},
{"learn":[0.6405218549],"iteration":166,"passed_time":21.69657935,"remaining_time":108.2230575},
{"learn":[0.6403921167],"iteration":167,"passed_time":21.79188346,"remaining_time":107.9217086},
{"learn":[0.6402755755],"iteration":168,"passed_time":21.87277572,"remaining_time":107.5519327},
{"learn":[0.640213596],"iteration":169,"passed_time":21.95009505,"remaining_time":107.1681111},
{"learn":[0.6400503502],"iteration":170,"passed_time":22.05141639,"remaining_time":106.904235},
{"learn":[0.6398133457],"iteration":171,"passed_time":22.1307865,"remaining_time":106.5365769},
{"learn":[0.6396459337],"iteration":172,"passed_time":22.23523549,"remaining_time":106.2921373},
{"learn":[0.6394659003],"iteration":173,"passed_time":22.34681388,"remaining_time":106.0831509},
{"learn":[0.6393578152],"iteration":174,"passed_time":22.45447602,"remaining_time":105.8568155},
{"learn":[0.6392092234],"iteration":175,"passed_time":22.63826436,"remaining_time":105.9882377},
{"learn":[0.639108756],"iteration":176,"passed_time":22.76917913,"remaining_time":105.870251},
{"learn":[0.6389602528],"iteration":177,"passed_time":22.86288286,"remaining_time":105.5802793},
{"learn":[0.6386756867],"iteration":178,"passed_time":22.9794841,"remaining_time":105.397522},
{"learn":[0.6384897141],"iteration":179,"passed_time":23.08239817,"remaining_time":105.1531472},
{"learn":[0.6383023496],"iteration":180,"passed_time":23.20144229,"remaining_time":104.9833217},
{"learn":[0.638229279],"iteration":181,"passed_time":23.27488391,"remaining_time":104.6090936},
{"learn":[0.6380640317],"iteration":182,"passed_time":23.3890549,"remaining_time":104.4199883},
{"learn":[0.6379071327],"iteration":183,"passed_time":23.48156684,"remaining_time":104.1356443},
{"learn":[0.6376871194],"iteration":184,"passed_time":23.57254776,"remaining_time":103.8466293},
{"learn":[0.6372822308],"iteration":185,"passed_time":23.69306871,"remaining_time":103.6890211},
{"learn":[0.6371458401],"iteration":186,"passed_time":23.76991967,"remaining_time":103.3419502},
{"learn":[0.6368740401],"iteration":187,"passed_time":23.86006706,"remaining_time":103.0551833},
{"learn":[0.6368197106],"iteration":188,"passed_time":23.95091309,"remaining_time":102.7734948},
{"learn":[0.6366596718],"iteration":189,"passed_time":24.03613162,"remaining_time":102.4698243},
{"learn":[0.6365580139],"iteration":190,"passed_time":24.22936585,"remaining_time":102.6259527},
{"learn":[0.6363692979],"iteration":191,"passed_time":24.4346403,"remaining_time":102.8291113},
{"learn":[0.6362723314],"iteration":192,"passed_time":24.57256555,"remaining_time":102.7464269},
{"learn":[0.6361999026],"iteration":193,"passed_time":24.67912279,"remaining_time":102.5328503},
{"learn":[0.6360695761],"iteration":194,"passed_time":24.88651616,"remaining_time":102.7366436},
{"learn":[0.635918311],"iteration":195,"passed_time":25.08787067,"remaining_time":102.9114695},
{"learn":[0.6358407348],"iteration":196,"passed_time":25.26017101,"remaining_time":102.9640473},
{"learn":[0.6357145602],"iteration":197,"passed_time":25.40145178,"remaining_time":102.8887087},
{"learn":[0.6356255638],"iteration":198,"passed_time":25.53888483,"remaining_time":102.7972198},
{"learn":[0.635526158],"iteration":199,"passed_time":25.6175041,"remaining_time":102.4700164},
{"learn":[0.6354422599],"iteration":200,"passed_time":25.7068106,"remaining_time":102.1877695},
{"learn":[0.6353458826],"iteration":201,"passed_time":25.83067842,"remaining_time":102.0439672},
{"learn":[0.6351770127],"iteration":202,"passed_time":25.95999164,"remaining_time":101.9217406},
{"learn":[0.6351030438],"iteration":203,"passed_time":26.05540833,"remaining_time":101.6671815},
{"learn":[0.6349642791],"iteration":204,"passed_time":26.16272315,"remaining_time":101.4603166},
{"learn":[0.6348885181],"iteration":205,"passed_time":26.30210259,"remaining_time":101.3780071},
{"learn":[0.6345114967],"iteration":206,"passed_time":26.42050547,"remaining_time":101.2147867},
{"learn":[0.6343126099],"iteration":207,"passed_time":26.54540565,"remaining_time":101.0767369},
{"learn":[0.6341942099],"iteration":208,"passed_time":26.64636984,"remaining_time":100.8482227},
{"learn":[0.634143669],"iteration":209,"passed_time":26.73370951,"remaining_time":100.5696691},
{"learn":[0.6340069468],"iteration":210,"passed_time":26.8470849,"remaining_time":100.3902843},
{"learn":[0.6338609776],"iteration":211,"passed_time":26.96223226,"remaining_time":100.2181086},
{"learn":[0.6337243323],"iteration":212,"passed_time":27.08869649,"remaining_time":100.0882823},
{"learn":[0.6335699893],"iteration":213,"passed_time":27.22278622,"remaining_time":99.98649518},
{"learn":[0.6333928664],"iteration":214,"passed_time":27.38189443,"remaining_time":99.97575409},
{"learn":[0.6333009717],"iteration":215,"passed_time":27.46803068,"remaining_time":99.69877802},
{"learn":[0.6329928391],"iteration":216,"passed_time":27.58746698,"remaining_time":99.54371727},
{"learn":[0.6328653302],"iteration":217,"passed_time":27.69555297,"remaining_time":99.348268},
{"learn":[0.6327515461],"iteration":218,"passed_time":27.80203553,"remaining_time":99.14789839},
{"learn":[0.6326866083],"iteration":219,"passed_time":27.88864027,"remaining_time":98.87790642},
{"learn":[0.6325848239],"iteration":220,"passed_time":28.00037169,"remaining_time":98.69814276},
{"learn":[0.6324924843],"iteration":221,"passed_time":28.09863404,"remaining_time":98.47178955},
{"learn":[0.6323562426],"iteration":222,"passed_time":28.20300505,"remaining_time":98.2678696},
{"learn":[0.6321856314],"iteration":223,"passed_time":28.34179704,"remaining_time":98.18408262},
{"learn":[0.6321046339],"iteration":224,"passed_time":28.42551886,"remaining_time":97.91012053},
{"learn":[0.6320393839],"iteration":225,"passed_time":28.51595078,"remaining_time":97.66082257},
{"learn":[0.6318960913],"iteration":226,"passed_time":28.61360498,"remaining_time":97.43751828},
{"learn":[0.6318249265],"iteration":227,"passed_time":28.69599946,"remaining_time":97.16364729},
{"learn":[0.6316888518],"iteration":228,"passed_time":28.79305067,"remaining_time":96.94079506},
{"learn":[0.6316120847],"iteration":229,"passed_time":28.903533,"remaining_time":96.76400178},
{"learn":[0.6314866494],"iteration":230,"passed_time":28.99979675,"remaining_time":96.54044893},
{"learn":[0.6314193327],"iteration":231,"passed_time":29.08257181,"remaining_time":96.27334116},
{"learn":[0.6313715001],"iteration":232,"passed_time":29.16943975,"remaining_time":96.02128881},
{"learn":[0.6312415191],"iteration":233,"passed_time":29.24998806,"remaining_time":95.74996093},
{"learn":[0.6311686811],"iteration":234,"passed_time":29.34936437,"remaining_time":95.54154784},
{"learn":[0.6310844163],"iteration":235,"passed_time":29.45592698,"remaining_time":95.35732293},
{"learn":[0.6309602468],"iteration":236,"passed_time":29.5594878,"remaining_time":95.1640894},
{"learn":[0.63083491],"iteration":237,"passed_time":29.63941233,"remaining_time":94.89593361},
{"learn":[0.6307565616],"iteration":238,"passed_time":29.73721347,"remaining_time":94.68627384},
{"learn":[0.6306850157],"iteration":239,"passed_time":29.8155729,"remaining_time":94.41598084},
{"learn":[0.6305933239],"iteration":240,"passed_time":29.90519748,"remaining_time":94.18275887},
{"learn":[0.6305307338],"iteration":241,"passed_time":30.01657117,"remaining_time":94.01884689},
{"learn":[0.6304282558],"iteration":242,"passed_time":30.10399205,"remaining_time":93.7807489},
{"learn":[0.6303374816],"iteration":243,"passed_time":30.18355595,"remaining_time":93.51954222},
{"learn":[0.6301639851],"iteration":244,"passed_time":30.3016834,"remaining_time":93.378657},
{"learn":[0.6300122043],"iteration":245,"passed_time":30.41100956,"remaining_time":93.21098051},
{"learn":[0.6299193907],"iteration":246,"passed_time":30.51552408,"remaining_time":93.02910783},
{"learn":[0.6297529595],"iteration":247,"passed_time":30.66382649,"remaining_time":92.98063517},
{"learn":[0.6296645519],"iteration":248,"passed_time":30.76094753,"remaining_time":92.77699435},
{"learn":[0.6295801229],"iteration":249,"passed_time":30.85028603,"remaining_time":92.5508581},
{"learn":[0.6294963593],"iteration":250,"passed_time":30.95785579,"remaining_time":92.38021509},
{"learn":[0.6294399239],"iteration":251,"passed_time":31.0895377,"remaining_time":92.28164364},
{"learn":[0.6293533142],"iteration":252,"passed_time":31.26198622,"remaining_time":92.30317671},
{"learn":[0.6292338643],"iteration":253,"passed_time":31.35872379,"remaining_time":92.10081868},
{"learn":[0.6290116793],"iteration":254,"passed_time":31.45883064,"remaining_time":91.90913266},
{"learn":[0.6289463653],"iteration":255,"passed_time":31.54546214,"remaining_time":91.67899934},
{"learn":[0.6287717044],"iteration":256,"passed_time":31.65037631,"remaining_time":91.50283889},
{"learn":[0.6286956642],"iteration":257,"passed_time":31.81203328,"remaining_time":91.49042129},
{"learn":[0.6285793192],"iteration":258,"passed_time":32.0639619,"remaining_time":91.73511879},
{"learn":[0.6285054235],"iteration":259,"passed_time":32.14911727,"remaining_time":91.50133378},
{"learn":[0.6284473232],"iteration":260,"passed_time":32.2432756,"remaining_time":91.29417882},
{"learn":[0.6283224078],"iteration":261,"passed_time":32.43865751,"remaining_time":91.37301238},
{"learn":[0.6281290488],"iteration":262,"passed_time":32.68103129,"remaining_time":91.5814451},
{"learn":[0.6280486179],"iteration":263,"passed_time":32.78678781,"remaining_time":91.40559027},
{"learn":[0.627955044],"iteration":264,"passed_time":32.88013791,"remaining_time":91.1958542},
{"learn":[0.6278567056],"iteration":265,"passed_time":32.97979911,"remaining_time":91.00440806},
{"learn":[0.6277439273],"iteration":266,"passed_time":33.09286265,"remaining_time":90.85044316},
{"learn":[0.6275838116],"iteration":267,"passed_time":33.20945359,"remaining_time":90.70641801},
{"learn":[0.6275560435],"iteration":268,"passed_time":33.2995069,"remaining_time":90.49048157},
{"learn":[0.6273175734],"iteration":269,"passed_time":33.41100349,"remaining_time":90.33345388},
{"learn":[0.6272717722],"iteration":270,"passed_time":33.50692009,"remaining_time":90.13485146},
{"learn":[0.6271612147],"iteration":271,"passed_time":33.60064262,"remaining_time":89.93113171},
{"learn":[0.6270546722],"iteration":272,"passed_time":33.6981164,"remaining_time":89.73820741},
{"learn":[0.626977842],"iteration":273,"passed_time":33.79864409,"remaining_time":89.55407156},
{"learn":[0.6268761542],"iteration":274,"passed_time":33.88559293,"remaining_time":89.33474501},
{"learn":[0.6267564538],"iteration":275,"passed_time":33.9746268,"remaining_time":89.12184711},
{"learn":[0.6266667271],"iteration":276,"passed_time":34.04268944,"remaining_time":88.85510638},
{"learn":[0.6264919652],"iteration":277,"passed_time":34.18209793,"remaining_time":88.77508887},
{"learn":[0.6264175228],"iteration":278,"passed_time":34.33451985,"remaining_time":88.72827531},
{"learn":[0.6263237029],"iteration":279,"passed_time":34.43388166,"remaining_time":88.54426712},
{"learn":[0.6262426531],"iteration":280,"passed_time":34.51792225,"remaining_time":88.32165872},
{"learn":[0.626058784],"iteration":281,"passed_time":34.61627315,"remaining_time":88.13646852},
{"learn":[0.6259985237],"iteration":282,"passed_time":34.7173688,"remaining_time":87.95884604},
{"learn":[0.6258877073],"iteration":283,"passed_time":34.81543779,"remaining_time":87.77413189},
{"learn":[0.6258238149],"iteration":284,"passed_time":34.89875216,"remaining_time":87.5530098},
{"learn":[0.6257303569],"iteration":285,"passed_time":34.99087542,"remaining_time":87.35484284},
{"learn":[0.6256310066],"iteration":286,"passed_time":35.09663101,"remaining_time":87.19128193},
{"learn":[0.6254656168],"iteration":287,"passed_time":35.19873137,"remaining_time":87.01908588},
{"learn":[0.6254158225],"iteration":288,"passed_time":35.28053459,"remaining_time":86.79743978},
{"learn":[0.6253089204],"iteration":289,"passed_time":35.39240252,"remaining_time":86.6503648},
{"learn":[0.6252602345],"iteration":290,"passed_time":35.52178614,"remaining_time":86.54620746},
{"learn":[0.6251575152],"iteration":291,"passed_time":35.62112233,"remaining_time":86.36902263},
{"learn":[0.625056818],"iteration":292,"passed_time":35.73109375,"remaining_time":86.21803167},
{"learn":[0.6249468247],"iteration":293,"passed_time":35.88912378,"remaining_time":86.18272581},
{"learn":[0.6248291367],"iteration":294,"passed_time":36.01068996,"remaining_time":86.05944549},
{"learn":[0.6247145525],"iteration":295,"passed_time":36.11625739,"remaining_time":85.89812569},
{"learn":[0.6246321244],"iteration":296,"passed_time":36.22053066,"remaining_time":85.73411802},
{"learn":[0.6245651193],"iteration":297,"passed_time":36.35096011,"remaining_time":85.63212751},
{"learn":[0.6243941965],"iteration":298,"passed_time":36.50463951,"remaining_time":85.58445584},
{"learn":[0.6243471534],"iteration":299,"passed_time":36.6597041,"remaining_time":85.53930957},
{"learn":[0.6242162964],"iteration":300,"passed_time":36.78690868,"remaining_time":85.42873477},
{"learn":[0.6241343912],"iteration":301,"passed_time":36.93654578,"remaining_time":85.36989719},
{"learn":[0.6241092721],"iteration":302,"passed_time":37.04738625,"remaining_time":85.22121524},
{"learn":[0.623987342],"iteration":303,"passed_time":37.17943548,"remaining_time":85.12133913},
{"learn":[0.6238899472],"iteration":304,"passed_time":37.28629777,"remaining_time":84.96385885},
{"learn":[0.6237772483],"iteration":305,"passed_time":37.4120463,"remaining_time":84.84954291},
{"learn":[0.6236991761],"iteration":306,"passed_time":37.50960852,"remaining_time":84.67152672},
{"learn":[0.6235681668],"iteration":307,"passed_time":37.63611501,"remaining_time":84.5590636},
{"learn":[0.6234167412],"iteration":308,"passed_time":37.75650487,"remaining_time":84.43283128},
{"learn":[0.6232892841],"iteration":309,"passed_time":37.85055954,"remaining_time":84.24801961},
{"learn":[0.6231937604],"iteration":310,"passed_time":37.96394556,"remaining_time":84.10661895},
{"learn":[0.6231474684],"iteration":311,"passed_time":38.04813216,"remaining_time":83.90100937},
{"learn":[0.6230851025],"iteration":312,"passed_time":38.14995548,"remaining_time":83.7348863},
{"learn":[0.6230149494],"iteration":313,"passed_time":38.24111455,"remaining_time":83.54587445},
{"learn":[0.6229368074],"iteration":314,"passed_time":38.33698215,"remaining_time":83.36772309},
{"learn":[0.6228828094],"iteration":315,"passed_time":38.44533178,"remaining_time":83.21711056},
{"learn":[0.6227650904],"iteration":316,"passed_time":38.54888798,"remaining_time":83.05643688},
{"learn":[0.6226921285],"iteration":317,"passed_time":38.65627652,"remaining_time":82.90434146},
{"learn":[0.6226100477],"iteration":318,"passed_time":38.76823681,"remaining_time":82.76228611},
{"learn":[0.6225392292],"iteration":319,"passed_time":38.88839617,"remaining_time":82.63784186},
{"learn":[0.6223505187],"iteration":320,"passed_time":39.14446962,"remaining_time":82.8009186},
{"learn":[0.6222507101],"iteration":321,"passed_time":39.25683124,"remaining_time":82.65879372},
{"learn":[0.622174305],"iteration":322,"passed_time":39.36208027,"remaining_time":82.50194534},
{"learn":[0.6220598685],"iteration":323,"passed_time":39.45872011,"remaining_time":82.32745307},
{"learn":[0.6219670244],"iteration":324,"passed_time":39.55003209,"remaining_time":82.14237434},
{"learn":[0.6218894826],"iteration":325,"passed_time":39.65839172,"remaining_time":81.99311663},
{"learn":[0.6217881171],"iteration":326,"passed_time":39.75391741,"remaining_time":81.81769547},
{"learn":[0.6216854274],"iteration":327,"passed_time":39.85833472,"remaining_time":81.66097846},
{"learn":[0.6215725104],"iteration":328,"passed_time":39.95998799,"remaining_time":81.49894206},
{"learn":[0.6214974401],"iteration":329,"passed_time":40.05758978,"remaining_time":81.32904591},
{"learn":[0.6214102962],"iteration":330,"passed_time":40.13560948,"remaining_time":81.12000829},
{"learn":[0.6212590589],"iteration":331,"passed_time":40.23354596,"remaining_time":80.95183344},
{"learn":[0.6211832377],"iteration":332,"passed_time":40.32136019,"remaining_time":80.76380555},
{"learn":[0.6211362521],"iteration":333,"passed_time":40.39678783,"remaining_time":80.55167872},
{"learn":[0.621058532],"iteration":334,"passed_time":40.49234582,"remaining_time":80.38032828},
{"learn":[0.6209692282],"iteration":335,"passed_time":40.57549849,"remaining_time":80.18491368},
{"learn":[0.6208449493],"iteration":336,"passed_time":40.68245987,"remaining_time":80.03700562},
{"learn":[0.6207496293],"iteration":337,"passed_time":40.80224471,"remaining_time":79.91445561},
{"learn":[0.6206517656],"iteration":338,"passed_time":40.92300016,"remaining_time":79.79381448},
{"learn":[0.620582053],"iteration":339,"passed_time":41.02903899,"remaining_time":79.6446051},
{"learn":[0.6204970022],"iteration":340,"passed_time":41.11820847,"remaining_time":79.46304804},
{"learn":[0.6204140111],"iteration":341,"passed_time":41.31594704,"remaining_time":79.49091565},
{"learn":[0.6202928774],"iteration":342,"passed_time":41.4651315,"remaining_time":79.42446471},
{"learn":[0.6201979249],"iteration":343,"passed_time":41.55626742,"remaining_time":79.24683555},
{"learn":[0.6201219889],"iteration":344,"passed_time":41.63760809,"remaining_time":79.05111101},
{"learn":[0.6199927554],"iteration":345,"passed_time":41.7362035,"remaining_time":78.88866211},
{"learn":[0.6198972971],"iteration":346,"passed_time":41.827103,"remaining_time":78.71209873},
{"learn":[0.619684862],"iteration":347,"passed_time":41.92162405,"remaining_time":78.54281288},
{"learn":[0.6196457045],"iteration":348,"passed_time":42.00673186,"remaining_time":78.35639669},
{"learn":[0.6195798398],"iteration":349,"passed_time":42.09746322,"remaining_time":78.18100312},
{"learn":[0.6195120272],"iteration":350,"passed_time":42.17748247,"remaining_time":77.98628524},
{"learn":[0.6194226173],"iteration":351,"passed_time":42.27703103,"remaining_time":77.82817076},
{"learn":[0.6192960202],"iteration":352,"passed_time":42.43197882,"remaining_time":77.77192719},
{"learn":[0.6191145441],"iteration":353,"passed_time":42.58320496,"remaining_time":77.70833448},
{"learn":[0.6190521589],"iteration":354,"passed_time":42.69580137,"remaining_time":77.57406164},
{"learn":[0.618970241],"iteration":355,"passed_time":42.80978385,"remaining_time":77.44241798},
{"learn":[0.6188682535],"iteration":356,"passed_time":42.91360036,"remaining_time":77.29256312},
{"learn":[0.6187821391],"iteration":357,"passed_time":43.00686166,"remaining_time":77.12403683},
{"learn":[0.618687068],"iteration":358,"passed_time":43.09174511,"remaining_time":76.94097108},
{"learn":[0.6185857073],"iteration":359,"passed_time":43.18197422,"remaining_time":76.76795417},
{"learn":[0.6185247733],"iteration":360,"passed_time":43.26375697,"remaining_time":76.58044516},
{"learn":[0.6184196799],"iteration":361,"passed_time":43.35029614,"remaining_time":76.40190315},
{"learn":[0.6183144069],"iteration":362,"passed_time":43.45707962,"remaining_time":76.25939317},
{"learn":[0.6182769497],"iteration":363,"passed_time":43.5288871,"remaining_time":76.05596757},
{"learn":[0.6182044231],"iteration":364,"passed_time":43.62221539,"remaining_time":75.89070348},
{"learn":[0.6181270093],"iteration":365,"passed_time":43.83182869,"remaining_time":75.92726609},
{"learn":[0.6179435838],"iteration":366,"passed_time":43.96165612,"remaining_time":75.82487281},
{"learn":[0.6178302411],"iteration":367,"passed_time":44.08180646,"remaining_time":75.70571109},
{"learn":[0.617768808],"iteration":368,"passed_time":44.18042304,"remaining_time":75.5497207},
{"learn":[0.6177502326],"iteration":369,"passed_time":44.26164849,"remaining_time":75.36442852},
{"learn":[0.6176913684],"iteration":370,"passed_time":44.34334184,"remaining_time":75.18049061},
{"learn":[0.6176168725],"iteration":371,"passed_time":44.42821504,"remaining_time":75.00247055},
{"learn":[0.6175975192],"iteration":372,"passed_time":44.53179857,"remaining_time":74.85640135},
{"learn":[0.6175612981],"iteration":373,"passed_time":44.60135293,"remaining_time":74.65360143},
{"learn":[0.6174922984],"iteration":374,"passed_time":44.8097445,"remaining_time":74.68290749},
{"learn":[0.6174397225],"iteration":375,"passed_time":44.9607512,"remaining_time":74.61571476},
{"learn":[0.617408233],"iteration":376,"passed_time":45.1566822,"remaining_time":74.62231567},
{"learn":[0.6173428258],"iteration":377,"passed_time":45.2832913,"remaining_time":74.51377563},
{"learn":[0.6172055514],"iteration":378,"passed_time":45.40797602,"remaining_time":74.40198709},
{"learn":[0.617168133],"iteration":379,"passed_time":45.58350025,"remaining_time":74.37307936},
{"learn":[0.6170948209],"iteration":380,"passed_time":46.04730627,"remaining_time":74.81176531},
{"learn":[0.6170192277],"iteration":381,"passed_time":46.36199071,"remaining_time":75.00447712},
{"learn":[0.6169108223],"iteration":382,"passed_time":46.53314396,"remaining_time":74.96331546},
{"learn":[0.6168402502],"iteration":383,"passed_time":46.7100176,"remaining_time":74.93065324},
{"learn":[0.6167484777],"iteration":384,"passed_time":46.84685338,"remaining_time":74.83328527},
{"learn":[0.6167016689],"iteration":385,"passed_time":46.97629056,"remaining_time":74.72394405},
{"learn":[0.6166199034],"iteration":386,"passed_time":47.18611523,"remaining_time":74.7418311},
{"learn":[0.6164904502],"iteration":387,"passed_time":47.38916745,"remaining_time":74.74786206},
{"learn":[0.6164335053],"iteration":388,"passed_time":47.52116276,"remaining_time":74.64120937},
{"learn":[0.6163363172],"iteration":389,"passed_time":47.64804217,"remaining_time":74.52642493},
{"learn":[0.6162636611],"iteration":390,"passed_time":47.75331496,"remaining_time":74.37792535},
{"learn":[0.616146267],"iteration":391,"passed_time":47.85233058,"remaining_time":74.2199413},
{"learn":[0.615984612],"iteration":392,"passed_time":47.95327867,"remaining_time":74.06524211},
{"learn":[0.6158903784],"iteration":393,"passed_time":48.05264248,"remaining_time":73.90837905},
{"learn":[0.6157847308],"iteration":394,"passed_time":48.17277679,"remaining_time":73.78362014},
{"learn":[0.6156511516],"iteration":395,"passed_time":48.27712204,"remaining_time":73.63480231},
{"learn":[0.6156091776],"iteration":396,"passed_time":48.67993812,"remaining_time":73.93955337},
{"learn":[0.6155560178],"iteration":397,"passed_time":48.8443827,"remaining_time":73.88019695},
{"learn":[0.6154707598],"iteration":398,"passed_time":48.98634406,"remaining_time":73.78644807},
{"learn":[0.6153707191],"iteration":399,"passed_time":49.11105907,"remaining_time":73.6665886},
{"learn":[0.6152596348],"iteration":400,"passed_time":49.21515211,"remaining_time":73.51590054},
{"learn":[0.6152088227],"iteration":401,"passed_time":49.32656485,"remaining_time":73.37633278},
{"learn":[0.6151689049],"iteration":402,"passed_time":49.53225655,"remaining_time":73.37656864},
{"learn":[0.6150141956],"iteration":403,"passed_time":49.62490157,"remaining_time":73.2090132},
{"learn":[0.6149577362],"iteration":404,"passed_time":49.73652408,"remaining_time":73.06970822},
{"learn":[0.6148885003],"iteration":405,"passed_time":49.85723089,"remaining_time":72.94383042},
{"learn":[0.6148237715],"iteration":406,"passed_time":49.957337,"remaining_time":72.78796275},
{"learn":[0.6147369824],"iteration":407,"passed_time":50.05104671,"remaining_time":72.62308739},
{"learn":[0.6146842623],"iteration":408,"passed_time":50.12583691,"remaining_time":72.43122156},
{"learn":[0.614648225],"iteration":409,"passed_time":50.44541617,"remaining_time":72.59218424},
{"learn":[0.6145107422],"iteration":410,"passed_time":50.57284973,"remaining_time":72.47544644},
{"learn":[0.6144427836],"iteration":411,"passed_time":50.74725076,"remaining_time":72.42568797},
{"learn":[0.6143730366],"iteration":412,"passed_time":50.87435816,"remaining_time":72.30810712},
{"learn":[0.6142520547],"iteration":413,"passed_time":51.03351505,"remaining_time":72.23584498},
{"learn":[0.6141822533],"iteration":414,"passed_time":51.17392081,"remaining_time":72.13673174},
{"learn":[0.6141218143],"iteration":415,"passed_time":51.28468288,"remaining_time":71.99580481},
{"learn":[0.6140532496],"iteration":416,"passed_time":51.42470598,"remaining_time":71.89593186},
{"learn":[0.6140258882],"iteration":417,"passed_time":51.53409079,"remaining_time":71.75320775},
{"learn":[0.6139587755],"iteration":418,"passed_time":51.68854917,"remaining_time":71.67314336},
{"learn":[0.6139149797],"iteration":419,"passed_time":51.81850168,"remaining_time":71.55888327},
{"learn":[0.6138931514],"iteration":420,"passed_time":51.91217469,"remaining_time":71.39465355},
{"learn":[0.6137958855],"iteration":421,"passed_time":52.04411802,"remaining_time":71.28317586},
{"learn":[0.6136913822],"iteration":422,"passed_time":52.18002406,"remaining_time":71.17700682},
{"learn":[0.6136066971],"iteration":423,"passed_time":52.36452944,"remaining_time":71.13671924},
{"learn":[0.6135493282],"iteration":424,"passed_time":52.48434174,"remaining_time":71.00822706},
{"learn":[0.6134944658],"iteration":425,"passed_time":52.59803511,"remaining_time":70.87153087},
{"learn":[0.6133415363],"iteration":426,"passed_time":52.73798291,"remaining_time":70.77017379},
{"learn":[0.6132709437],"iteration":427,"passed_time":52.85633866,"remaining_time":70.63977971},
{"learn":[0.6131488099],"iteration":428,"passed_time":53.00574273,"remaining_time":70.55076713},
{"learn":[0.6130213484],"iteration":429,"passed_time":53.19532397,"remaining_time":70.51473177},
{"learn":[0.6129288004],"iteration":430,"passed_time":53.30592378,"remaining_time":70.37371376},
{"learn":[0.6128387036],"iteration":431,"passed_time":53.41889805,"remaining_time":70.23595855},
{"learn":[0.6127074],"iteration":432,"passed_time":53.55017002,"remaining_time":70.12227807},
{"learn":[0.6126294716],"iteration":433,"passed_time":53.71651852,"remaining_time":70.05426148},
{"learn":[0.6125921303],"iteration":434,"passed_time":53.82401231,"remaining_time":69.90934933},
{"learn":[0.612499852],"iteration":435,"passed_time":53.92634434,"remaining_time":69.75793167},
{"learn":[0.6124296794],"iteration":436,"passed_time":54.03091608,"remaining_time":69.60962415},
{"learn":[0.6123316927],"iteration":437,"passed_time":54.10923939,"remaining_time":69.42783685},
{"learn":[0.612236192],"iteration":438,"passed_time":54.23480773,"remaining_time":69.30689553},
{"learn":[0.6121664816],"iteration":439,"passed_time":54.32089432,"remaining_time":69.13568369},
{"learn":[0.6120642561],"iteration":440,"passed_time":54.4161219,"remaining_time":68.97644476},
{"learn":[0.6119448624],"iteration":441,"passed_time":54.51986867,"remaining_time":68.82825049},
{"learn":[0.6117364839],"iteration":442,"passed_time":54.63285212,"remaining_time":68.6918705},
{"learn":[0.6116874583],"iteration":443,"passed_time":54.71118906,"remaining_time":68.51220973},
{"learn":[0.611651112],"iteration":444,"passed_time":54.81436778,"remaining_time":68.36398679},
{"learn":[0.6115393075],"iteration":445,"passed_time":54.91143627,"remaining_time":68.20837599},
{"learn":[0.6114956003],"iteration":446,"passed_time":54.99314819,"remaining_time":68.03402897},
{"learn":[0.6114270874],"iteration":447,"passed_time":55.08612387,"remaining_time":67.87397405},
{"learn":[0.6114035798],"iteration":448,"passed_time":55.17354984,"remaining_time":67.70740748},
{"learn":[0.6113468724],"iteration":449,"passed_time":55.25332698,"remaining_time":67.53184409},
{"learn":[0.6112126843],"iteration":450,"passed_time":55.37001693,"remaining_time":67.40163923},
{"learn":[0.6111405258],"iteration":451,"passed_time":55.45723505,"remaining_time":67.23576285},
{"learn":[0.6110895756],"iteration":452,"passed_time":55.5356282,"remaining_time":67.05957754},
{"learn":[0.6110408349],"iteration":453,"passed_time":55.67009884,"remaining_time":66.95126424},
{"learn":[0.6109926355],"iteration":454,"passed_time":55.74005301,"remaining_time":66.765558},
{"learn":[0.6109189087],"iteration":455,"passed_time":55.84105848,"remaining_time":66.6174031},
{"learn":[0.6108366916],"iteration":456,"passed_time":55.95810212,"remaining_time":66.48851084},
{"learn":[0.6107377755],"iteration":457,"passed_time":56.04869675,"remaining_time":66.32837039},
{"learn":[0.6107118792],"iteration":458,"passed_time":56.12743239,"remaining_time":66.15455539},
{"learn":[0.6105090449],"iteration":459,"passed_time":56.25429241,"remaining_time":66.03764762},
{"learn":[0.6104275669],"iteration":460,"passed_time":56.34796922,"remaining_time":65.88189894},
{"learn":[0.6103709553],"iteration":461,"passed_time":56.42685304,"remaining_time":65.70919251},
{"learn":[0.6102634196],"iteration":462,"passed_time":56.54168041,"remaining_time":65.57857966},
{"learn":[0.6101405509],"iteration":463,"passed_time":56.64650991,"remaining_time":65.43648558},
{"learn":[0.6100710186],"iteration":464,"passed_time":56.73086042,"remaining_time":65.27098994},
{"learn":[0.6099760918],"iteration":465,"passed_time":56.83470578,"remaining_time":65.12818217},
{"learn":[0.609887044],"iteration":466,"passed_time":56.9220828,"remaining_time":64.96674547},
{"learn":[0.6097815729],"iteration":467,"passed_time":57.01318588,"remaining_time":64.80986087},
{"learn":[0.6096829933],"iteration":468,"passed_time":57.11669228,"remaining_time":64.66729979},
{"learn":[0.6096345968],"iteration":469,"passed_time":57.20073298,"remaining_time":64.50295422},
{"learn":[0.6095055432],"iteration":470,"passed_time":57.29155947,"remaining_time":64.34657104},
{"learn":[0.6094419933],"iteration":471,"passed_time":57.37582869,"remaining_time":64.1831304},
{"learn":[0.6093923374],"iteration":472,"passed_time":57.46705645,"remaining_time":64.02777748},
{"learn":[0.6092796494],"iteration":473,"passed_time":57.56913552,"remaining_time":63.88473688},
{"learn":[0.609202488],"iteration":474,"passed_time":57.6690277,"remaining_time":63.73945167},
{"learn":[0.6090879576],"iteration":475,"passed_time":57.79453601,"remaining_time":63.62255645},
{"learn":[0.6090123636],"iteration":476,"passed_time":57.9859783,"remaining_time":63.57791751},
{"learn":[0.6089429252],"iteration":477,"passed_time":58.13746796,"remaining_time":63.48903405},
{"learn":[0.6088072887],"iteration":478,"passed_time":58.326299,"remaining_time":63.44050476},
{"learn":[0.6087351567],"iteration":479,"passed_time":58.46077593,"remaining_time":63.33250726},
{"learn":[0.6086459348],"iteration":480,"passed_time":58.62480742,"remaining_time":63.25628908},
{"learn":[0.6086094528],"iteration":481,"passed_time":58.79462464,"remaining_time":63.1859244},
{"learn":[0.6085296465],"iteration":482,"passed_time":58.92083472,"remaining_time":63.06847112},
{"learn":[0.608478875],"iteration":483,"passed_time":59.02703957,"remaining_time":62.92965376},
{"learn":[0.6083488067],"iteration":484,"passed_time":59.19841236,"remaining_time":62.86016982},
{"learn":[0.6083073076],"iteration":485,"passed_time":59.39419146,"remaining_time":62.81607904},
{"learn":[0.6081852353],"iteration":486,"passed_time":59.59128882,"remaining_time":62.77275393},
{"learn":[0.608110518],"iteration":487,"passed_time":59.7182373,"remaining_time":62.65519979},
{"learn":[0.6079853549],"iteration":488,"passed_time":59.85914751,"remaining_time":62.55219709},
{"learn":[0.6078294051],"iteration":489,"passed_time":59.99164732,"remaining_time":62.44028598},
{"learn":[0.6077019461],"iteration":490,"passed_time":60.22568808,"remaining_time":62.43355444},
{"learn":[0.6076533197],"iteration":491,"passed_time":60.40840321,"remaining_time":62.37290412},
{"learn":[0.6076188872],"iteration":492,"passed_time":60.52462687,"remaining_time":62.24337895},
{"learn":[0.6075781422],"iteration":493,"passed_time":60.64086867,"remaining_time":62.11392621},
{"learn":[0.6075171058],"iteration":494,"passed_time":60.75934204,"remaining_time":61.9868035},
{"learn":[0.6074566355],"iteration":495,"passed_time":60.87822688,"remaining_time":61.86013377},
{"learn":[0.6074170269],"iteration":496,"passed_time":60.97191723,"remaining_time":61.70799671},
{"learn":[0.6073842744],"iteration":497,"passed_time":61.09243847,"remaining_time":61.58314079},
{"learn":[0.6072892005],"iteration":498,"passed_time":61.19928564,"remaining_time":61.44457336},
{"learn":[0.6070797115],"iteration":499,"passed_time":61.34121904,"remaining_time":61.34121904},
{"learn":[0.6069750188],"iteration":500,"passed_time":61.51866982,"remaining_time":61.27308631},
{"learn":[0.6068932989],"iteration":501,"passed_time":61.64239036,"remaining_time":61.15121594},
{"learn":[0.6068608803],"iteration":502,"passed_time":61.73188658,"remaining_time":60.99552212},
{"learn":[0.6067443912],"iteration":503,"passed_time":61.89800514,"remaining_time":60.91549712},
{"learn":[0.6066256028],"iteration":504,"passed_time":62.04519093,"remaining_time":60.81657329},
{"learn":[0.6065782593],"iteration":505,"passed_time":62.14162827,"remaining_time":60.66791377},
{"learn":[0.6065354206],"iteration":506,"passed_time":62.24423756,"remaining_time":60.52546177},
{"learn":[0.6063869918],"iteration":507,"passed_time":62.38420435,"remaining_time":60.41934752},
{"learn":[0.6063484939],"iteration":508,"passed_time":62.48596972,"remaining_time":60.27624977},
{"learn":[0.6063247557],"iteration":509,"passed_time":62.58076242,"remaining_time":60.12661487},
{"learn":[0.6062299157],"iteration":510,"passed_time":62.73532128,"remaining_time":60.03438768},
{"learn":[0.6061364762],"iteration":511,"passed_time":62.86981625,"remaining_time":59.92279361},
{"learn":[0.6060687872],"iteration":512,"passed_time":62.99880692,"remaining_time":59.80588493},
{"learn":[0.6060186105],"iteration":513,"passed_time":63.11026068,"remaining_time":59.67234764},
{"learn":[0.6059358514],"iteration":514,"passed_time":63.23536603,"remaining_time":59.55175247},
{"learn":[0.6058693072],"iteration":515,"passed_time":63.36314562,"remaining_time":59.43364822},
{"learn":[0.6058282869],"iteration":516,"passed_time":63.46153893,"remaining_time":59.28805281},
{"learn":[0.6057363387],"iteration":517,"passed_time":63.6205107,"remaining_time":59.19900803},
{"learn":[0.6055864361],"iteration":518,"passed_time":63.76205581,"remaining_time":59.09354305},
{"learn":[0.6055293835],"iteration":519,"passed_time":63.85193741,"remaining_time":58.94024992},
{"learn":[0.6054415686],"iteration":520,"passed_time":63.95870502,"remaining_time":58.80272497},
{"learn":[0.6053585973],"iteration":521,"passed_time":64.10212386,"remaining_time":58.6988797},
{"learn":[0.605280049],"iteration":522,"passed_time":64.23797959,"remaining_time":58.58798521},
{"learn":[0.6051845499],"iteration":523,"passed_time":64.38219372,"remaining_time":58.48458819},
{"learn":[0.6051250559],"iteration":524,"passed_time":64.49769419,"remaining_time":58.35505665},
{"learn":[0.6050152499],"iteration":525,"passed_time":64.64226018,"remaining_time":58.25177058},
{"learn":[0.6049688989],"iteration":526,"passed_time":64.82676066,"remaining_time":58.18417038},
{"learn":[0.6048893834],"iteration":527,"passed_time":65.04156458,"remaining_time":58.14321682},
{"learn":[0.6048403292],"iteration":528,"passed_time":65.14106671,"remaining_time":57.99894598},
{"learn":[0.6048067158],"iteration":529,"passed_time":65.23605223,"remaining_time":57.85083877},
{"learn":[0.6047195089],"iteration":530,"passed_time":65.3587419,"remaining_time":57.72740104},
{"learn":[0.6046503895],"iteration":531,"passed_time":65.4556169,"remaining_time":57.58125698},
{"learn":[0.6045759529],"iteration":532,"passed_time":65.56832727,"remaining_time":57.4491723},
{"learn":[0.60449659],"iteration":533,"passed_time":65.71585678,"remaining_time":57.34754543},
{"learn":[0.6044492551],"iteration":534,"passed_time":65.87574487,"remaining_time":57.25648853},
{"learn":[0.6043283851],"iteration":535,"passed_time":66.01699073,"remaining_time":57.14903675},
{"learn":[0.604247545],"iteration":536,"passed_time":66.12366553,"remaining_time":57.01165203},
{"learn":[0.6041555531],"iteration":537,"passed_time":66.22017013,"remaining_time":56.86564795},
{"learn":[0.6040962114],"iteration":538,"passed_time":66.29485208,"remaining_time":56.70116291},
{"learn":[0.6039797443],"iteration":539,"passed_time":66.40001781,"remaining_time":56.56297814},
{"learn":[0.6038985252],"iteration":540,"passed_time":66.491047,"remaining_time":56.41292158},
{"learn":[0.6038100994],"iteration":541,"passed_time":66.56489972,"remaining_time":56.2485684},
{"learn":[0.6037814156],"iteration":542,"passed_time":66.66121734,"remaining_time":56.10345548},
{"learn":[0.6037125181],"iteration":543,"passed_time":66.74524916,"remaining_time":55.94822356},
{"learn":[0.6036499306],"iteration":544,"passed_time":66.8286768,"remaining_time":55.79274852},
{"learn":[0.6035750224],"iteration":545,"passed_time":66.93792835,"remaining_time":55.65901002},
{"learn":[0.6034984362],"iteration":546,"passed_time":67.01801347,"remaining_time":55.50120677},
{"learn":[0.6034169901],"iteration":547,"passed_time":67.10535645,"remaining_time":55.34967357},
{"learn":[0.6033593433],"iteration":548,"passed_time":67.21909461,"remaining_time":55.22005768},
{"learn":[0.6032846148],"iteration":549,"passed_time":67.31348175,"remaining_time":55.07466689},
{"learn":[0.6032422988],"iteration":550,"passed_time":67.38513945,"remaining_time":54.91093941},
{"learn":[0.6031859023],"iteration":551,"passed_time":67.48281249,"remaining_time":54.76865941},
{"learn":[0.6031037159],"iteration":552,"passed_time":67.57068567,"remaining_time":54.61861934},
{"learn":[0.6030417126],"iteration":553,"passed_time":67.64244334,"remaining_time":54.45582983},
{"learn":[0.6029200144],"iteration":554,"passed_time":67.75550746,"remaining_time":54.32648797},
{"learn":[0.6028273312],"iteration":555,"passed_time":67.83345211,"remaining_time":54.1691596},
{"learn":[0.6027663837],"iteration":556,"passed_time":67.91434638,"remaining_time":54.0144622},
{"learn":[0.6026116656],"iteration":557,"passed_time":68.02430571,"remaining_time":53.88305219},
{"learn":[0.6025784895],"iteration":558,"passed_time":68.10980365,"remaining_time":53.73242113},
{"learn":[0.6025389433],"iteration":559,"passed_time":68.18426819,"remaining_time":53.57335358},
{"learn":[0.6024595685],"iteration":560,"passed_time":68.28235523,"remaining_time":53.43307299},
{"learn":[0.6023397034],"iteration":561,"passed_time":68.38207383,"remaining_time":53.29421412},
{"learn":[0.6022905117],"iteration":562,"passed_time":68.45249113,"remaining_time":53.13275067},
{"learn":[0.6021902371],"iteration":563,"passed_time":68.56821428,"remaining_time":53.00663374},
{"learn":[0.602109081],"iteration":564,"passed_time":68.66014249,"remaining_time":52.8622336},
{"learn":[0.6020608674],"iteration":565,"passed_time":68.735444,"remaining_time":52.70526978},
{"learn":[0.6019788704],"iteration":566,"passed_time":68.83258891,"remaining_time":52.56527513},
{"learn":[0.6018912515],"iteration":567,"passed_time":68.91472078,"remaining_time":52.41401299},
{"learn":[0.6018356735],"iteration":568,"passed_time":68.99448588,"remaining_time":52.26120108},
{"learn":[0.6017682066],"iteration":569,"passed_time":69.09980629,"remaining_time":52.12792404},
{"learn":[0.6017143924],"iteration":570,"passed_time":69.17845977,"remaining_time":51.97470971},
{"learn":[0.6016394779],"iteration":571,"passed_time":69.2739889,"remaining_time":51.8343833},
{"learn":[0.6015881754],"iteration":572,"passed_time":69.36141944,"remaining_time":51.68817818},
{"learn":[0.6015352373],"iteration":573,"passed_time":69.44393489,"remaining_time":51.53853008},
{"learn":[0.6013412959],"iteration":574,"passed_time":69.54212359,"remaining_time":51.40070004},
{"learn":[0.6012193381],"iteration":575,"passed_time":69.66862904,"remaining_time":51.28385193},
{"learn":[0.6011324197],"iteration":576,"passed_time":69.75965826,"remaining_time":51.14096264},
{"learn":[0.6010732629],"iteration":577,"passed_time":69.84302412,"remaining_time":50.99265775},
{"learn":[0.6009726269],"iteration":578,"passed_time":69.95667961,"remaining_time":50.86660124},
{"learn":[0.6009343812],"iteration":579,"passed_time":70.03753351,"remaining_time":50.71683461},
{"learn":[0.6008837539],"iteration":580,"passed_time":70.11639972,"remaining_time":50.56587174},
{"learn":[0.6008427924],"iteration":581,"passed_time":70.19453822,"remaining_time":50.41463398},
{"learn":[0.6007828349],"iteration":582,"passed_time":70.28281059,"remaining_time":50.2708954},
{"learn":[0.6006712658],"iteration":583,"passed_time":70.36746867,"remaining_time":50.1247722},
{"learn":[0.6006088484],"iteration":584,"passed_time":70.46252078,"remaining_time":49.98623269},
{"learn":[0.6005587509],"iteration":585,"passed_time":70.53893411,"remaining_time":49.83467359},
{"learn":[0.6004688944],"iteration":586,"passed_time":70.62958176,"remaining_time":49.69338546},
{"learn":[0.6004275743],"iteration":587,"passed_time":70.74369144,"remaining_time":49.56870897},
{"learn":[0.600358361],"iteration":588,"passed_time":70.8965138,"remaining_time":49.47108179},
{"learn":[0.6003191546],"iteration":589,"passed_time":71.06261296,"remaining_time":49.38249375},
{"learn":[0.6002642274],"iteration":590,"passed_time":71.18764719,"remaining_time":49.26522454},
{"learn":[0.6002163419],"iteration":591,"passed_time":71.30271663,"remaining_time":49.14106146},
{"learn":[0.6001426067],"iteration":592,"passed_time":71.46200145,"remaining_time":49.04727587},
{"learn":[0.6000252699],"iteration":593,"passed_time":71.6166712,"remaining_time":48.95011533},
{"learn":[0.5999840312],"iteration":594,"passed_time":71.74067732,"remaining_time":48.8318896},
{"learn":[0.5998835519],"iteration":595,"passed_time":71.8582528,"remaining_time":48.70928546},
{"learn":[0.5997697504],"iteration":596,"passed_time":71.98362936,"remaining_time":48.59196421},
{"learn":[0.5997539812],"iteration":597,"passed_time":72.09439736,"remaining_time":48.46479555},
{"learn":[0.599640688],"iteration":598,"passed_time":72.25933949,"remaining_time":48.37394847},
{"learn":[0.599550209],"iteration":599,"passed_time":72.41264713,"remaining_time":48.27509808},
{"learn":[0.5994560863],"iteration":600,"passed_time":72.57986,"remaining_time":48.18529807},
{"learn":[0.5993822695],"iteration":601,"passed_time":72.71242233,"remaining_time":48.07233237},
{"learn":[0.5992448411],"iteration":602,"passed_time":72.85537828,"remaining_time":47.96614457},
{"learn":[0.599216954],"iteration":603,"passed_time":72.96536245,"remaining_time":47.83821777},
{"learn":[0.599162843],"iteration":604,"passed_time":73.08954269,"remaining_time":47.71961878},
{"learn":[0.5990373279],"iteration":605,"passed_time":73.24776929,"remaining_time":47.62313713},
{"learn":[0.5989934372],"iteration":606,"passed_time":73.35993732,"remaining_time":47.49663158},
{"learn":[0.5989329405],"iteration":607,"passed_time":73.46850803,"remaining_time":47.36785386},
{"learn":[0.598884638],"iteration":608,"passed_time":73.59505786,"remaining_time":47.25068575},
{"learn":[0.5987795329],"iteration":609,"passed_time":73.72836053,"remaining_time":47.13780427},
{"learn":[0.5987053919],"iteration":610,"passed_time":73.86061134,"remaining_time":47.02418627},
{"learn":[0.5985639284],"iteration":611,"passed_time":74.01183375,"remaining_time":46.92253512},
{"learn":[0.5985048181],"iteration":612,"passed_time":74.13406147,"remaining_time":46.80241727},
{"learn":[0.598424545],"iteration":613,"passed_time":74.2646977,"remaining_time":46.68757869},
{"learn":[0.5983465137],"iteration":614,"passed_time":74.36587289,"remaining_time":46.55424563},
{"learn":[0.5982937519],"iteration":615,"passed_time":74.43849249,"remaining_time":46.4032161},
{"learn":[0.5982453276],"iteration":616,"passed_time":74.5221858,"remaining_time":46.25931469},
{"learn":[0.5981933872],"iteration":617,"passed_time":74.61404496,"remaining_time":46.12065562},
{"learn":[0.5981409118],"iteration":618,"passed_time":74.68673179,"remaining_time":45.97034703},
{"learn":[0.5980704131],"iteration":619,"passed_time":74.78212013,"remaining_time":45.83420266},
{"learn":[0.5979356456],"iteration":620,"passed_time":74.87079441,"remaining_time":45.69409192},
{"learn":[0.5978565508],"iteration":621,"passed_time":74.95962568,"remaining_time":45.55424197},
{"learn":[0.5977865085],"iteration":622,"passed_time":75.08716448,"remaining_time":45.43797915},
{"learn":[0.5977185333],"iteration":623,"passed_time":75.16086134,"remaining_time":45.28923696},
{"learn":[0.5976720248],"iteration":624,"passed_time":75.23882709,"remaining_time":45.14329626},
{"learn":[0.5976260159],"iteration":625,"passed_time":75.33444388,"remaining_time":45.00811823},
{"learn":[0.5975981464],"iteration":626,"passed_time":75.43853649,"remaining_time":44.87810863},
{"learn":[0.5975426746],"iteration":627,"passed_time":75.56077882,"remaining_time":44.75893268},
{"learn":[0.5975052086],"iteration":628,"passed_time":75.6802896,"remaining_time":44.63813583},
{"learn":[0.5974239735],"iteration":629,"passed_time":75.7982044,"remaining_time":44.51640576},
{"learn":[0.5973589524],"iteration":630,"passed_time":75.92235654,"remaining_time":44.39833528},
{"learn":[0.5973314365],"iteration":631,"passed_time":76.02433727,"remaining_time":44.26733563},
{"learn":[0.5972741548],"iteration":632,"passed_time":76.17902328,"remaining_time":44.16698506},
{"learn":[0.5972441581],"iteration":633,"passed_time":76.28996318,"remaining_time":44.04120903},
{"learn":[0.5971171847],"iteration":634,"passed_time":76.43537173,"remaining_time":43.93529241},
{"learn":[0.597043395],"iteration":635,"passed_time":76.54624549,"remaining_time":43.80948641},
{"learn":[0.5969615624],"iteration":636,"passed_time":76.66831826,"remaining_time":43.69010915},
{"learn":[0.5968284731],"iteration":637,"passed_time":76.8221248,"remaining_time":43.58872912},
{"learn":[0.5967663781],"iteration":638,"passed_time":76.94548192,"remaining_time":43.46998274},
{"learn":[0.5967349198],"iteration":639,"passed_time":77.08961748,"remaining_time":43.36290983},
{"learn":[0.5965600413],"iteration":640,"passed_time":77.2207881,"remaining_time":43.24846011},
{"learn":[0.5965062617],"iteration":641,"passed_time":77.32706781,"remaining_time":43.12007831},
{"learn":[0.5964390073],"iteration":642,"passed_time":77.43649684,"remaining_time":42.9935138},
{"learn":[0.5963458923],"iteration":643,"passed_time":77.55242816,"remaining_time":42.87059693},
{"learn":[0.5962641259],"iteration":644,"passed_time":77.68059107,"remaining_time":42.75443384},
{"learn":[0.5961835433],"iteration":645,"passed_time":77.82242089,"remaining_time":42.6457229},
{"learn":[0.5961602927],"iteration":646,"passed_time":77.93420972,"remaining_time":42.52051937},
{"learn":[0.5960891386],"iteration":647,"passed_time":78.05988559,"remaining_time":42.40290081},
{"learn":[0.5960452297],"iteration":648,"passed_time":78.16956692,"remaining_time":42.27660707},
{"learn":[0.5959650692],"iteration":649,"passed_time":78.29431341,"remaining_time":42.15847645},
{"learn":[0.5959091642],"iteration":650,"passed_time":78.44406648,"remaining_time":42.05373149},
{"learn":[0.595876954],"iteration":651,"passed_time":78.57468792,"remaining_time":41.93863711},
{"learn":[0.5958592432],"iteration":652,"passed_time":78.67369252,"remaining_time":41.80669419},
{"learn":[0.5957752074],"iteration":653,"passed_time":78.78477425,"remaining_time":41.68124142},
{"learn":[0.5957062117],"iteration":654,"passed_time":78.91011482,"remaining_time":41.56334292},
{"learn":[0.5955463308],"iteration":655,"passed_time":79.06938365,"remaining_time":41.46321338},
{"learn":[0.5954570486],"iteration":656,"passed_time":79.20172927,"remaining_time":41.34884801},
{"learn":[0.595393635],"iteration":657,"passed_time":79.33456257,"remaining_time":41.23468146},
{"learn":[0.5953553826],"iteration":658,"passed_time":79.4524397,"remaining_time":41.11271917},
{"learn":[0.5952373147],"iteration":659,"passed_time":79.61807259,"remaining_time":41.01537073},
{"learn":[0.5951486338],"iteration":660,"passed_time":79.77567746,"remaining_time":40.91369843},
{"learn":[0.5951093089],"iteration":661,"passed_time":79.89727275,"remaining_time":40.79347158},
{"learn":[0.5950545631],"iteration":662,"passed_time":80.01919013,"remaining_time":40.67340433},
{"learn":[0.594948795],"iteration":663,"passed_time":80.15544403,"remaining_time":40.56058614},
{"learn":[0.594900732],"iteration":664,"passed_time":80.26121722,"remaining_time":40.43234251},
{"learn":[0.5948164901],"iteration":665,"passed_time":80.39781848,"remaining_time":40.31962669},
{"learn":[0.5947901112],"iteration":666,"passed_time":80.5104825,"remaining_time":40.19488856},
{"learn":[0.5946719402],"iteration":667,"passed_time":80.64761927,"remaining_time":40.0823497},
{"learn":[0.5945296646],"iteration":668,"passed_time":80.74406886,"remaining_time":39.94960657},
{"learn":[0.5944384478],"iteration":669,"passed_time":80.83493221,"remaining_time":39.81422034},
{"learn":[0.5943878615],"iteration":670,"passed_time":80.949098,"remaining_time":39.69039231},
{"learn":[0.5942732852],"iteration":671,"passed_time":81.04432065,"remaining_time":39.55734698},
{"learn":[0.5941985249],"iteration":672,"passed_time":81.17697895,"remaining_time":39.44260344},
{"learn":[0.5941141756],"iteration":673,"passed_time":81.32647734,"remaining_time":39.33595195},
{"learn":[0.5940168065],"iteration":674,"passed_time":81.65628767,"remaining_time":39.31599036},
{"learn":[0.5939526624],"iteration":675,"passed_time":81.75685876,"remaining_time":39.18524},
{"learn":[0.5938977133],"iteration":676,"passed_time":81.87993122,"remaining_time":39.06531431},
{"learn":[0.5938772956],"iteration":677,"passed_time":82.04023609,"remaining_time":38.96306198},
{"learn":[0.5938212322],"iteration":678,"passed_time":82.20475437,"remaining_time":38.86263056},
{"learn":[0.5937625822],"iteration":679,"passed_time":82.31775449,"remaining_time":38.73776682},
{"learn":[0.5937109339],"iteration":680,"passed_time":82.40795041,"remaining_time":38.60225577},
{"learn":[0.5936584903],"iteration":681,"passed_time":82.51676793,"remaining_time":38.47556041},
{"learn":[0.5935845083],"iteration":682,"passed_time":82.68494682,"remaining_time":38.37646873},
{"learn":[0.5935276447],"iteration":683,"passed_time":82.82338336,"remaining_time":38.26343442},
{"learn":[0.5934313079],"iteration":684,"passed_time":82.96440515,"remaining_time":38.15151478},
{"learn":[0.59338347],"iteration":685,"passed_time":83.092636,"remaining_time":38.03365555},
{"learn":[0.5933189165],"iteration":686,"passed_time":83.21140136,"remaining_time":37.9114536},
{"learn":[0.5932281786],"iteration":687,"passed_time":83.32855858,"remaining_time":37.78853238},
{"learn":[0.5931906263],"iteration":688,"passed_time":83.44629215,"remaining_time":37.66588804},
{"learn":[0.5930856096],"iteration":689,"passed_time":83.61317683,"remaining_time":37.56534031},
{"learn":[0.5929362804],"iteration":690,"passed_time":83.77676164,"remaining_time":37.46312496},
{"learn":[0.5928089987],"iteration":691,"passed_time":83.93576583,"remaining_time":37.35869346},
{"learn":[0.5927786621],"iteration":692,"passed_time":84.03666648,"remaining_time":37.22836452},
{"learn":[0.592748438],"iteration":693,"passed_time":84.15349771,"remaining_time":37.10514452},
{"learn":[0.5926928283],"iteration":694,"passed_time":84.31835863,"remaining_time":37.00302069},
{"learn":[0.5925738727],"iteration":695,"passed_time":84.56988892,"remaining_time":36.93857217},
{"learn":[0.5925327334],"iteration":696,"passed_time":84.68891027,"remaining_time":36.81598252},
{"learn":[0.5924493985],"iteration":697,"passed_time":84.7908563,"remaining_time":36.68601519},
{"learn":[0.5923617797],"iteration":698,"passed_time":84.93123931,"remaining_time":36.57267959},
{"learn":[0.5922612899],"iteration":699,"passed_time":85.06945165,"remaining_time":36.45833642},
{"learn":[0.5921511457],"iteration":700,"passed_time":85.20420744,"remaining_time":36.34245082},
{"learn":[0.5920886659],"iteration":701,"passed_time":85.34525286,"remaining_time":36.22918141},
{"learn":[0.5919754994],"iteration":702,"passed_time":85.4634387,"remaining_time":36.10617538},
{"learn":[0.5918903284],"iteration":703,"passed_time":85.57676049,"remaining_time":35.98113794},
{"learn":[0.5918446783],"iteration":704,"passed_time":85.68541864,"remaining_time":35.85418227},
{"learn":[0.5917990643],"iteration":705,"passed_time":85.85535018,"remaining_time":35.75279455},
{"learn":[0.5917171737],"iteration":706,"passed_time":85.94896673,"remaining_time":35.61958593},
{"learn":[0.5916757588],"iteration":707,"passed_time":86.03639984,"remaining_time":35.48393892},
{"learn":[0.5916370691],"iteration":708,"passed_time":86.13152593,"remaining_time":35.3515854},
{"learn":[0.5916080309],"iteration":709,"passed_time":86.20246438,"remaining_time":35.20945728},
{"learn":[0.5915762445],"iteration":710,"passed_time":86.30010496,"remaining_time":35.07838303},
{"learn":[0.591534239],"iteration":711,"passed_time":86.44093218,"remaining_time":34.96487144},
{"learn":[0.5914785314],"iteration":712,"passed_time":86.54216293,"remaining_time":34.83534469},
{"learn":[0.5914215963],"iteration":713,"passed_time":86.65041088,"remaining_time":34.708708},
{"learn":[0.591316992],"iteration":714,"passed_time":86.85135372,"remaining_time":34.61907106},
{"learn":[0.5912617911],"iteration":715,"passed_time":87.13993202,"remaining_time":34.56388365},
{"learn":[0.5912236043],"iteration":716,"passed_time":87.52064727,"remaining_time":34.54441169},
{"learn":[0.5911827926],"iteration":717,"passed_time":87.83599124,"remaining_time":34.4982584},
{"learn":[0.5910996545],"iteration":718,"passed_time":88.09470189,"remaining_time":34.42922285},
{"learn":[0.5909708987],"iteration":719,"passed_time":88.46347746,"remaining_time":34.40246346},
{"learn":[0.5909237234],"iteration":720,"passed_time":89.20842501,"remaining_time":34.5203198},
{"learn":[0.5908460517],"iteration":721,"passed_time":90.025744,"remaining_time":34.66365212},
{"learn":[0.5907771672],"iteration":722,"passed_time":90.40831531,"remaining_time":34.63776396},
{"learn":[0.5906700408],"iteration":723,"passed_time":90.74850657,"remaining_time":34.59473455},
{"learn":[0.5905974063],"iteration":724,"passed_time":91.01399906,"remaining_time":34.52255137},
{"learn":[0.5904745762],"iteration":725,"passed_time":91.24879408,"remaining_time":34.43825011},
{"learn":[0.5904231481],"iteration":726,"passed_time":91.43384072,"remaining_time":34.33485353},
{"learn":[0.5903456164],"iteration":727,"passed_time":91.75897005,"remaining_time":34.28357123},
{"learn":[0.5903146383],"iteration":728,"passed_time":91.9892483,"remaining_time":34.19627749},
{"learn":[0.5901836383],"iteration":729,"passed_time":92.39659696,"remaining_time":34.17408381},
{"learn":[0.5901341958],"iteration":730,"passed_time":92.77508128,"remaining_time":34.14021459},
{"learn":[0.5900561921],"iteration":731,"passed_time":93.05219466,"remaining_time":34.06828985},
{"learn":[0.5900156509],"iteration":732,"passed_time":93.28075679,"remaining_time":33.97812014},
{"learn":[0.5899587575],"iteration":733,"passed_time":93.60971134,"remaining_time":33.92395534},
{"learn":[0.5898634461],"iteration":734,"passed_time":93.9882395,"remaining_time":33.88691628},
{"learn":[0.5897902978],"iteration":735,"passed_time":94.31739571,"remaining_time":33.83123976},
{"learn":[0.5897572131],"iteration":736,"passed_time":94.62167645,"remaining_time":33.76594424},
{"learn":[0.5896959224],"iteration":737,"passed_time":94.98456432,"remaining_time":33.72080739},
{"learn":[0.5896252543],"iteration":738,"passed_time":95.2851752,"remaining_time":33.6528156},
{"learn":[0.5895509964],"iteration":739,"passed_time":95.63950852,"remaining_time":33.60307056},
{"learn":[0.5894853251],"iteration":740,"passed_time":95.95734818,"remaining_time":33.53974788},
{"learn":[0.5894489135],"iteration":741,"passed_time":96.23959826,"remaining_time":33.46336436},
{"learn":[0.5893734126],"iteration":742,"passed_time":96.57247091,"remaining_time":33.40393677},
{"learn":[0.5892677404],"iteration":743,"passed_time":96.86853254,"remaining_time":33.33110797},
{"learn":[0.5892304765],"iteration":744,"passed_time":97.08377511,"remaining_time":33.23001698},
{"learn":[0.5891403762],"iteration":745,"passed_time":97.30997171,"remaining_time":33.13234962},
{"learn":[0.5891099595],"iteration":746,"passed_time":97.51451473,"remaining_time":33.02700432},
{"learn":[0.5890257948],"iteration":747,"passed_time":97.79815549,"remaining_time":32.94804169},
{"learn":[0.5890024797],"iteration":748,"passed_time":97.96896524,"remaining_time":32.83072133},
{"learn":[0.5889569733],"iteration":749,"passed_time":98.17235109,"remaining_time":32.72411703},
{"learn":[0.5889207371],"iteration":750,"passed_time":98.3114237,"remaining_time":32.59593143},
{"learn":[0.5888559401],"iteration":751,"passed_time":98.54097014,"remaining_time":32.49755398},
{"learn":[0.5888177082],"iteration":752,"passed_time":98.87477703,"remaining_time":32.43302779},
{"learn":[0.5887240167],"iteration":753,"passed_time":99.19250341,"remaining_time":32.3625409},
{"learn":[0.5886926582],"iteration":754,"passed_time":99.61956751,"remaining_time":32.32687952},
{"learn":[0.5886527921],"iteration":755,"passed_time":100.146986,"remaining_time":32.32257222},
{"learn":[0.5886028224],"iteration":756,"passed_time":100.4770243,"remaining_time":32.25352299},
{"learn":[0.5885456474],"iteration":757,"passed_time":100.8453239,"remaining_time":32.19600051},
{"learn":[0.5884716745],"iteration":758,"passed_time":101.112678,"remaining_time":32.10560658},
{"learn":[0.5884156245],"iteration":759,"passed_time":101.3305308,"remaining_time":31.999115},
{"learn":[0.5883442719],"iteration":760,"passed_time":101.4315621,"remaining_time":31.85564173},
{"learn":[0.5882833674],"iteration":761,"passed_time":101.5152709,"remaining_time":31.7068694},
{"learn":[0.5881815431],"iteration":762,"passed_time":101.6370287,"remaining_time":31.57008624},
{"learn":[0.5881305962],"iteration":763,"passed_time":101.785409,"remaining_time":31.44156614},
{"learn":[0.588048012],"iteration":764,"passed_time":101.9261203,"remaining_time":31.31063827},
{"learn":[0.5879622571],"iteration":765,"passed_time":102.0346724,"remaining_time":31.16986077},
{"learn":[0.5878879716],"iteration":766,"passed_time":102.1404857,"remaining_time":31.02833528},
{"learn":[0.5878430632],"iteration":767,"passed_time":102.2777961,"remaining_time":30.89641758},
{"learn":[0.5877611586],"iteration":768,"passed_time":102.4409393,"remaining_time":30.77224575},
{"learn":[0.5876958652],"iteration":769,"passed_time":102.5726831,"remaining_time":30.63859364},
{"learn":[0.5876460639],"iteration":770,"passed_time":102.6991327,"remaining_time":30.50337404},
{"learn":[0.5875571782],"iteration":771,"passed_time":102.8276516,"remaining_time":30.36878829},
{"learn":[0.5874710604],"iteration":772,"passed_time":102.9419497,"remaining_time":30.23004216},
{"learn":[0.5873705396],"iteration":773,"passed_time":103.0571014,"remaining_time":30.09160842},
{"learn":[0.5872620942],"iteration":774,"passed_time":103.1816518,"remaining_time":29.95596344},
{"learn":[0.5872431927],"iteration":775,"passed_time":103.299119,"remaining_time":29.81830238},
{"learn":[0.5871463786],"iteration":776,"passed_time":103.4440991,"remaining_time":29.68858956},
{"learn":[0.5870838353],"iteration":777,"passed_time":103.5671183,"remaining_time":29.55257102},
{"learn":[0.5870612777],"iteration":778,"passed_time":103.6948379,"remaining_time":29.41791935},
{"learn":[0.5870164434],"iteration":779,"passed_time":103.8292031,"remaining_time":29.28515984},
{"learn":[0.5869184969],"iteration":780,"passed_time":103.9835349,"remaining_time":29.15799505},
{"learn":[0.5868578211],"iteration":781,"passed_time":104.0961789,"remaining_time":29.01913939},
{"learn":[0.5868352931],"iteration":782,"passed_time":104.1965827,"remaining_time":28.87695843},
{"learn":[0.5867745578],"iteration":783,"passed_time":104.3117522,"remaining_time":28.73895214},
{"learn":[0.5867094594],"iteration":784,"passed_time":104.4347856,"remaining_time":28.60315784},
{"learn":[0.5866682647],"iteration":785,"passed_time":104.5459466,"remaining_time":28.46416359},
{"learn":[0.5865872031],"iteration":786,"passed_time":104.6600297,"remaining_time":28.3260309},
{"learn":[0.5865518413],"iteration":787,"passed_time":104.7747801,"remaining_time":28.1881388},
{"learn":[0.5865118809],"iteration":788,"passed_time":104.8542521,"remaining_time":28.04087098},
{"learn":[0.5864523617],"iteration":789,"passed_time":104.9679498,"remaining_time":27.90287273},
{"learn":[0.5864002674],"iteration":790,"passed_time":105.0727143,"remaining_time":27.76257559},
{"learn":[0.586341347],"iteration":791,"passed_time":105.1703153,"remaining_time":27.62048684},
{"learn":[0.5862662587],"iteration":792,"passed_time":105.2817224,"remaining_time":27.48211417},
{"learn":[0.5861739007],"iteration":793,"passed_time":105.4165293,"remaining_time":27.34988039},
{"learn":[0.5860197654],"iteration":794,"passed_time":105.5553893,"remaining_time":27.21868528},
{"learn":[0.5859835134],"iteration":795,"passed_time":105.6502243,"remaining_time":27.07618814},
{"learn":[0.5858689845],"iteration":796,"passed_time":105.7515779,"remaining_time":26.9354709},
{"learn":[0.5857704811],"iteration":797,"passed_time":105.9157626,"remaining_time":26.81075695},
{"learn":[0.5857145861],"iteration":798,"passed_time":106.0294593,"remaining_time":26.67324319},
{"learn":[0.585620078],"iteration":799,"passed_time":106.1407105,"remaining_time":26.53517763},
{"learn":[0.5855527798],"iteration":800,"passed_time":106.2489823,"remaining_time":26.3964388},
{"learn":[0.5855012489],"iteration":801,"passed_time":106.3732553,"remaining_time":26.26172636},
{"learn":[0.5854513389],"iteration":802,"passed_time":106.5099087,"remaining_time":26.13007722},
{"learn":[0.5853782955],"iteration":803,"passed_time":106.6389877,"remaining_time":25.99656915},
{"learn":[0.5853058628],"iteration":804,"passed_time":106.7711888,"remaining_time":25.86382835},
{"learn":[0.5852505459],"iteration":805,"passed_time":106.8936724,"remaining_time":25.72874993},
{"learn":[0.5852181875],"iteration":806,"passed_time":107.0083647,"remaining_time":25.59183938},
{"learn":[0.5851187013],"iteration":807,"passed_time":107.1378848,"remaining_time":25.45850729},
{"learn":[0.5851041567],"iteration":808,"passed_time":107.2698345,"remaining_time":25.32575821},
{"learn":[0.5850309067],"iteration":809,"passed_time":107.4054727,"remaining_time":25.1938763},
{"learn":[0.5849693694],"iteration":810,"passed_time":107.5245836,"remaining_time":25.05813354},
{"learn":[0.5849429147],"iteration":811,"passed_time":107.6418173,"remaining_time":24.92199711},
{"learn":[0.584855526],"iteration":812,"passed_time":107.7756786,"remaining_time":24.78973174},
{"learn":[0.5848144628],"iteration":813,"passed_time":107.8740973,"remaining_time":24.64936375},
{"learn":[0.5847273963],"iteration":814,"passed_time":107.9883404,"remaining_time":24.51269077},
{"learn":[0.5846665233],"iteration":815,"passed_time":108.083044,"remaining_time":24.37166679},
{"learn":[0.5846193031],"iteration":816,"passed_time":108.1874581,"remaining_time":24.23293125},
{"learn":[0.5845890009],"iteration":817,"passed_time":108.2962614,"remaining_time":24.0952562},
{"learn":[0.584537154],"iteration":818,"passed_time":108.4207719,"remaining_time":23.96112298},
{"learn":[0.5844848412],"iteration":819,"passed_time":108.5460716,"remaining_time":23.82718644},
{"learn":[0.5844302701],"iteration":820,"passed_time":108.6986781,"remaining_time":23.69922458},
{"learn":[0.5843726153],"iteration":821,"passed_time":108.835592,"remaining_time":23.56780459},
{"learn":[0.5843398813],"iteration":822,"passed_time":108.9407442,"remaining_time":23.42954036},
{"learn":[0.5842943398],"iteration":823,"passed_time":109.0545045,"remaining_time":23.29319513},
{"learn":[0.5842337037],"iteration":824,"passed_time":109.1853367,"remaining_time":23.16052598},
{"learn":[0.5842071788],"iteration":825,"passed_time":109.2924382,"remaining_time":23.02286229},
{"learn":[0.5841189553],"iteration":826,"passed_time":109.4588369,"remaining_time":22.89767689},
{"learn":[0.5840721985],"iteration":827,"passed_time":109.5897089,"remaining_time":22.76501199},
{"learn":[0.5839965072],"iteration":828,"passed_time":109.7270877,"remaining_time":22.63369361},
{"learn":[0.583921725],"iteration":829,"passed_time":109.8546462,"remaining_time":22.50034921},
{"learn":[0.5838352512],"iteration":830,"passed_time":109.9715191,"remaining_time":22.36484564},
{"learn":[0.5837641903],"iteration":831,"passed_time":110.3389728,"remaining_time":22.27998489},
{"learn":[0.5837029127],"iteration":832,"passed_time":110.5260221,"remaining_time":22.15827814},
{"learn":[0.5836099095],"iteration":833,"passed_time":110.7157498,"remaining_time":22.0369478},
{"learn":[0.5835639104],"iteration":834,"passed_time":110.8911942,"remaining_time":21.9126312},
{"learn":[0.5834883413],"iteration":835,"passed_time":111.2006585,"remaining_time":21.81448325},
{"learn":[0.5834151474],"iteration":836,"passed_time":111.3247722,"remaining_time":21.67973461},
{"learn":[0.5833775344],"iteration":837,"passed_time":111.4518299,"remaining_time":21.54558048},
{"learn":[0.5833386898],"iteration":838,"passed_time":111.665581,"remaining_time":21.42807932},
{"learn":[0.5832465045],"iteration":839,"passed_time":111.8024959,"remaining_time":21.2957135},
{"learn":[0.5831634628],"iteration":840,"passed_time":111.9639439,"remaining_time":21.16797512},
{"learn":[0.5830750188],"iteration":841,"passed_time":112.1484229,"remaining_time":21.04447842},
{"learn":[0.5830237692],"iteration":842,"passed_time":112.3859607,"remaining_time":20.93071866},
{"learn":[0.582919347],"iteration":843,"passed_time":112.5744794,"remaining_time":20.80760519},
{"learn":[0.5828727057],"iteration":844,"passed_time":112.6728596,"remaining_time":20.66780266},
{"learn":[0.5828208402],"iteration":845,"passed_time":112.8648119,"remaining_time":20.54513124},
{"learn":[0.5827532064],"iteration":846,"passed_time":113.0149154,"remaining_time":20.41473678},
{"learn":[0.5827159708],"iteration":847,"passed_time":113.0875714,"remaining_time":20.27041374},
{"learn":[0.5826314041],"iteration":848,"passed_time":113.1866324,"remaining_time":20.13095582},
{"learn":[0.5825459943],"iteration":849,"passed_time":113.2975054,"remaining_time":19.99367743},
{"learn":[0.5825086231],"iteration":850,"passed_time":113.3923678,"remaining_time":19.85365781},
{"learn":[0.5824423194],"iteration":851,"passed_time":113.5025255,"remaining_time":19.71640115},
{"learn":[0.5824097316],"iteration":852,"passed_time":113.6147924,"remaining_time":19.57957149},
{"learn":[0.5823529413],"iteration":853,"passed_time":113.7238944,"remaining_time":19.4422583},
{"learn":[0.5822890621],"iteration":854,"passed_time":113.8192782,"remaining_time":19.30268461},
{"learn":[0.5821876115],"iteration":855,"passed_time":113.9382592,"remaining_time":19.16718379},
{"learn":[0.5821039514],"iteration":856,"passed_time":114.017348,"remaining_time":19.02506507},
{"learn":[0.5820185807],"iteration":857,"passed_time":114.1277976,"remaining_time":18.88828353},
{"learn":[0.5819981516],"iteration":858,"passed_time":114.1999085,"remaining_time":18.7452702},
{"learn":[0.5819246125],"iteration":859,"passed_time":114.3024952,"remaining_time":18.60738295},
{"learn":[0.5818762442],"iteration":860,"passed_time":114.3967632,"remaining_time":18.46823471},
{"learn":[0.5818035936],"iteration":861,"passed_time":114.4863211,"remaining_time":18.32843656},
{"learn":[0.5817380893],"iteration":862,"passed_time":114.5850348,"remaining_time":18.1902083},
{"learn":[0.581658064],"iteration":863,"passed_time":114.9055543,"remaining_time":18.0869854},
{"learn":[0.5816019924],"iteration":864,"passed_time":115.0270258,"remaining_time":17.95219477},
{"learn":[0.5815069702],"iteration":865,"passed_time":115.1370513,"remaining_time":17.81566383},
{"learn":[0.5814514184],"iteration":866,"passed_time":115.3603838,"remaining_time":17.6965756},
{"learn":[0.581370509],"iteration":867,"passed_time":115.4562739,"remaining_time":17.55786654},
{"learn":[0.581303741],"iteration":868,"passed_time":115.5655788,"remaining_time":17.42127828},
{"learn":[0.5812794686],"iteration":869,"passed_time":115.6744429,"remaining_time":17.28468686},
{"learn":[0.5812405677],"iteration":870,"passed_time":115.7707085,"remaining_time":17.14629323},
{"learn":[0.5811839104],"iteration":871,"passed_time":115.8528631,"remaining_time":17.00592486},
{"learn":[0.5811262944],"iteration":872,"passed_time":115.9780431,"remaining_time":16.871949},
{"learn":[0.5810510587],"iteration":873,"passed_time":116.0795518,"remaining_time":16.7345807},
{"learn":[0.5809757666],"iteration":874,"passed_time":116.1795825,"remaining_time":16.59708321},
{"learn":[0.5808619329],"iteration":875,"passed_time":116.3088734,"remaining_time":16.46381313},
{"learn":[0.5808332151],"iteration":876,"passed_time":116.4068764,"remaining_time":16.32616397},
{"learn":[0.5807573664],"iteration":877,"passed_time":116.503842,"remaining_time":16.18846097},
{"learn":[0.5806592852],"iteration":878,"passed_time":116.622704,"remaining_time":16.05386483},
{"learn":[0.5805662674],"iteration":879,"passed_time":116.7072848,"remaining_time":15.91462974},
{"learn":[0.5804823106],"iteration":880,"passed_time":116.8265011,"remaining_time":15.78019708},
{"learn":[0.5804429721],"iteration":881,"passed_time":116.982743,"remaining_time":15.65075246},
{"learn":[0.580339235],"iteration":882,"passed_time":117.0837893,"remaining_time":15.51393358},
{"learn":[0.5802635508],"iteration":883,"passed_time":117.1940314,"remaining_time":15.37840232},
{"learn":[0.5802069741],"iteration":884,"passed_time":117.3353474,"remaining_time":15.24696604},
{"learn":[0.5801639405],"iteration":885,"passed_time":117.4466434,"remaining_time":15.11164487},
{"learn":[0.5800452459],"iteration":886,"passed_time":117.5648499,"remaining_time":14.97725822},
{"learn":[0.5799791765],"iteration":887,"passed_time":117.6604274,"remaining_time":14.84005391},
{"learn":[0.5798991027],"iteration":888,"passed_time":117.7799464,"remaining_time":14.70593257},
{"learn":[0.5798006905],"iteration":889,"passed_time":117.8841622,"remaining_time":14.56995263},
{"learn":[0.5797108532],"iteration":890,"passed_time":117.9995897,"remaining_time":14.43541557},
{"learn":[0.5796492531],"iteration":891,"passed_time":118.1125351,"remaining_time":14.30062085},
{"learn":[0.5795832173],"iteration":892,"passed_time":118.2448105,"remaining_time":14.16819118},
{"learn":[0.5795234487],"iteration":893,"passed_time":118.3484271,"remaining_time":14.03236384},
{"learn":[0.5794820258],"iteration":894,"passed_time":118.4586426,"remaining_time":13.89738265},
{"learn":[0.5794361258],"iteration":895,"passed_time":118.5505239,"remaining_time":13.76032867},
{"learn":[0.5793627195],"iteration":896,"passed_time":118.6758936,"remaining_time":13.62722078},
{"learn":[0.5792462048],"iteration":897,"passed_time":118.8024557,"remaining_time":13.49426557},
{"learn":[0.5791974046],"iteration":898,"passed_time":118.9044652,"remaining_time":13.35856617},
{"learn":[0.579152668],"iteration":899,"passed_time":119.0238284,"remaining_time":13.22486982},
{"learn":[0.5791026653],"iteration":900,"passed_time":119.141401,"remaining_time":13.09100855},
{"learn":[0.5790499318],"iteration":901,"passed_time":119.2630185,"remaining_time":12.95762285},
{"learn":[0.5790268167],"iteration":902,"passed_time":119.5039869,"remaining_time":12.83708387},
{"learn":[0.5789864031],"iteration":903,"passed_time":119.6498669,"remaining_time":12.70618056},
{"learn":[0.5789435186],"iteration":904,"passed_time":119.7882083,"remaining_time":12.57445281},
{"learn":[0.5787968293],"iteration":905,"passed_time":119.9865163,"remaining_time":12.44893215},
{"learn":[0.5787212604],"iteration":906,"passed_time":120.1545548,"remaining_time":12.32014729},
{"learn":[0.5786367803],"iteration":907,"passed_time":120.3254936,"remaining_time":12.19156984},
{"learn":[0.5785167807],"iteration":908,"passed_time":120.5231489,"remaining_time":12.06557376},
{"learn":[0.5783477981],"iteration":909,"passed_time":120.6963501,"remaining_time":11.93700165},
{"learn":[0.5783037619],"iteration":910,"passed_time":120.8708633,"remaining_time":11.80845975},
{"learn":[0.5782412953],"iteration":911,"passed_time":121.0610897,"remaining_time":11.68133322},
{"learn":[0.578153862],"iteration":912,"passed_time":121.2550574,"remaining_time":11.55442497},
{"learn":[0.5780914571],"iteration":913,"passed_time":121.4061827,"remaining_time":11.42333886},
{"learn":[0.578009522],"iteration":914,"passed_time":121.5801453,"remaining_time":11.29433044},
{"learn":[0.5779796244],"iteration":915,"passed_time":121.7012274,"remaining_time":11.16037457},
{"learn":[0.5779286898],"iteration":916,"passed_time":121.83687,"remaining_time":11.02776468},
{"learn":[0.5778959799],"iteration":917,"passed_time":121.9579074,"remaining_time":10.89384358},
{"learn":[0.577790479],"iteration":918,"passed_time":122.1001067,"remaining_time":10.76181571},
{"learn":[0.5777396008],"iteration":919,"passed_time":122.2379204,"remaining_time":10.62938438},
{"learn":[0.5776492807],"iteration":920,"passed_time":122.4539107,"remaining_time":10.50364706},
{"learn":[0.5775955628],"iteration":921,"passed_time":122.6025366,"remaining_time":10.37201503},
{"learn":[0.577565596],"iteration":922,"passed_time":122.7210577,"remaining_time":10.23783471},
{"learn":[0.5775090898],"iteration":923,"passed_time":122.899699,"remaining_time":10.10863326},
{"learn":[0.5774700159],"iteration":924,"passed_time":123.0527302,"remaining_time":9.977248392},
{"learn":[0.5774357328],"iteration":925,"passed_time":123.2102685,"remaining_time":9.846176963},
{"learn":[0.5773474847],"iteration":926,"passed_time":123.4116135,"remaining_time":9.718498148},
{"learn":[0.5772576004],"iteration":927,"passed_time":123.5976221,"remaining_time":9.58947068},
{"learn":[0.5772291959],"iteration":928,"passed_time":123.7377535,"remaining_time":9.456814312},
{"learn":[0.5771428289],"iteration":929,"passed_time":123.925805,"remaining_time":9.327748761},
{"learn":[0.577093016],"iteration":930,"passed_time":124.146013,"remaining_time":9.200939738},
{"learn":[0.5770083031],"iteration":931,"passed_time":124.3065037,"remaining_time":9.069573228},
{"learn":[0.5769931014],"iteration":932,"passed_time":124.4699785,"remaining_time":8.938358583},
{"learn":[0.5768825312],"iteration":933,"passed_time":124.6619776,"remaining_time":8.809090496},
{"learn":[0.5767786452],"iteration":934,"passed_time":124.8264943,"remaining_time":8.677777677},
{"learn":[0.576693582],"iteration":935,"passed_time":124.9390597,"remaining_time":8.542841686},
{"learn":[0.5766592185],"iteration":936,"passed_time":125.0520238,"remaining_time":8.407980255},
{"learn":[0.5765648173],"iteration":937,"passed_time":125.2996012,"remaining_time":8.282063192},
{"learn":[0.5765138481],"iteration":938,"passed_time":125.5030444,"remaining_time":8.153019925},
{"learn":[0.5764472804],"iteration":939,"passed_time":125.684101,"remaining_time":8.022389425},
{"learn":[0.576428168],"iteration":940,"passed_time":125.8338446,"remaining_time":7.889688453},
{"learn":[0.5763945629],"iteration":941,"passed_time":126.0259592,"remaining_time":7.759560118},
{"learn":[0.5763654369],"iteration":942,"passed_time":126.2234619,"remaining_time":7.629626009},
{"learn":[0.5763068871],"iteration":943,"passed_time":126.4428452,"remaining_time":7.500846747},
{"learn":[0.5762621281],"iteration":944,"passed_time":126.6606154,"remaining_time":7.37178185},
{"learn":[0.5761797048],"iteration":945,"passed_time":126.9081265,"remaining_time":7.244227092},
{"learn":[0.5761455712],"iteration":946,"passed_time":127.291622,"remaining_time":7.124029529},
{"learn":[0.5760176272],"iteration":947,"passed_time":127.5692713,"remaining_time":6.99747058},
{"learn":[0.5759378298],"iteration":948,"passed_time":127.7749284,"remaining_time":6.866724287},
{"learn":[0.5758725669],"iteration":949,"passed_time":128.054412,"remaining_time":6.739705897},
{"learn":[0.5757926748],"iteration":950,"passed_time":128.1969321,"remaining_time":6.605309855},
{"learn":[0.5757194914],"iteration":951,"passed_time":128.3621881,"remaining_time":6.472043099},
{"learn":[0.5756560479],"iteration":952,"passed_time":128.5636283,"remaining_time":6.340493738},
{"learn":[0.5756202601],"iteration":953,"passed_time":128.7356855,"remaining_time":6.207381063},
{"learn":[0.5755247377],"iteration":954,"passed_time":128.9144415,"remaining_time":6.074502478},
{"learn":[0.5754799779],"iteration":955,"passed_time":129.0129987,"remaining_time":5.937836761},
{"learn":[0.5754318285],"iteration":956,"passed_time":129.1110851,"remaining_time":5.80122953},
{"learn":[0.5754049791],"iteration":957,"passed_time":129.2336362,"remaining_time":5.66577528},
{"learn":[0.5753650051],"iteration":958,"passed_time":129.3610896,"remaining_time":5.530557533},
{"learn":[0.5752678325],"iteration":959,"passed_time":129.5274865,"remaining_time":5.396978605},
{"learn":[0.5751831189],"iteration":960,"passed_time":129.6752532,"remaining_time":5.262575311},
{"learn":[0.5751234523],"iteration":961,"passed_time":129.8581321,"remaining_time":5.129531207},
{"learn":[0.5750850642],"iteration":962,"passed_time":129.9878013,"remaining_time":4.994339197},
{"learn":[0.575014499],"iteration":963,"passed_time":130.08711,"remaining_time":4.858024853},
{"learn":[0.5749789518],"iteration":964,"passed_time":130.1676082,"remaining_time":4.721104961},
{"learn":[0.5749448746],"iteration":965,"passed_time":130.2565944,"remaining_time":4.584600632},
{"learn":[0.5749187879],"iteration":966,"passed_time":130.3484101,"remaining_time":4.44829114},
{"learn":[0.5748901816],"iteration":967,"passed_time":130.4199596,"remaining_time":4.311403622},
{"learn":[0.5748260867],"iteration":968,"passed_time":130.501286,"remaining_time":4.174963742},
{"learn":[0.5747866074],"iteration":969,"passed_time":130.5987238,"remaining_time":4.039135788},
{"learn":[0.5747121485],"iteration":970,"passed_time":130.6883944,"remaining_time":3.903154931},
{"learn":[0.5746299482],"iteration":971,"passed_time":130.7792438,"remaining_time":3.76730332},
{"learn":[0.5745421034],"iteration":972,"passed_time":130.8764477,"remaining_time":3.631720542},
{"learn":[0.5745136313],"iteration":973,"passed_time":130.9818458,"remaining_time":3.496435309},
{"learn":[0.574464414],"iteration":974,"passed_time":131.1066384,"remaining_time":3.361708678},
{"learn":[0.5744041494],"iteration":975,"passed_time":131.2208535,"remaining_time":3.226742299},
{"learn":[0.5743624071],"iteration":976,"passed_time":131.3148645,"remaining_time":3.091342767},
{"learn":[0.5742837513],"iteration":977,"passed_time":131.4227792,"remaining_time":2.956340637},
{"learn":[0.5742519652],"iteration":978,"passed_time":131.5212912,"remaining_time":2.82119215},
{"learn":[0.5740709916],"iteration":979,"passed_time":131.6756849,"remaining_time":2.687258876},
{"learn":[0.5740351377],"iteration":980,"passed_time":131.8146254,"remaining_time":2.55298459},
{"learn":[0.5740008015],"iteration":981,"passed_time":131.9305379,"remaining_time":2.418278698},
{"learn":[0.5739035141],"iteration":982,"passed_time":132.1121904,"remaining_time":2.284747953},
{"learn":[0.5738331938],"iteration":983,"passed_time":132.2781134,"remaining_time":2.150863632},
{"learn":[0.5737713516],"iteration":984,"passed_time":132.4044515,"remaining_time":2.016311444},
{"learn":[0.5736616069],"iteration":985,"passed_time":132.5790297,"remaining_time":1.882460868},
{"learn":[0.573544894],"iteration":986,"passed_time":132.7114665,"remaining_time":1.747972709},
{"learn":[0.5734871738],"iteration":987,"passed_time":132.8244426,"remaining_time":1.61325234},
{"learn":[0.5734472717],"iteration":988,"passed_time":132.9556704,"remaining_time":1.478778943},
{"learn":[0.5733788069],"iteration":989,"passed_time":133.0718416,"remaining_time":1.344160017},
{"learn":[0.5733147261],"iteration":990,"passed_time":133.1774951,"remaining_time":1.209482802},
{"learn":[0.5732409259],"iteration":991,"passed_time":133.2594167,"remaining_time":1.074672715},
{"learn":[0.5731354184],"iteration":992,"passed_time":133.3571418,"remaining_time":0.9400805568},
{"learn":[0.5730937751],"iteration":993,"passed_time":133.4336855,"remaining_time":0.8054347211},
{"learn":[0.573033704],"iteration":994,"passed_time":133.5228917,"remaining_time":0.6709693049},
{"learn":[0.5729500664],"iteration":995,"passed_time":133.6255689,"remaining_time":0.5366488713},
{"learn":[0.5729347166],"iteration":996,"passed_time":133.7105933,"remaining_time":0.4023387963},
{"learn":[0.5728965966],"iteration":997,"passed_time":133.8000449,"remaining_time":0.2681363625},
{"learn":[0.5728245829],"iteration":998,"passed_time":133.9155451,"remaining_time":0.1340495947},
{"learn":[0.5727055872],"iteration":999,"passed_time":134.0628087,"remaining_time":0}
]}